image_path,uncertainty_score,selected_rank
datasets/train_on_2025_all\images\frame_00137_jpg.rf.da1561ff61e1185b2740b66e4cf28ed8.jpg,1.0,1
datasets/train_on_2025_all\val\images\GX010665_MP4-0216_jpg.rf.c85471c96f32f29a4552998a0bfef644.jpg,0.9031405076384544,2
datasets/train_on_2025_all\images\frame_00156_jpg.rf.20184709c71069625c651ae2946304c4.jpg,0.8880558907985687,3
datasets/train_on_2025_all\val\images\GX010665_MP4-0099_jpg.rf.222dbad1672907a88e814844be3ee105.jpg,0.8243425190448761,4
datasets/train_on_2025_all\images\GX010666_MP4-0006_jpg.rf.7b6ead4d7774b0916f05b69b5e8c84c9.jpg,0.8139276206493378,5
datasets/train_on_2025_all\images\frame_00137_jpg.rf.eb9b7bb2f8d7b87285335e31910d68fb.jpg,0.822577714920044,6
datasets/train_on_2025_all\images\GX010665_MP4-0219_jpg.rf.f8f5dec2b39549188238cb8f2c12bd76.jpg,0.9692667424678802,7
datasets/train_on_2025_all\images\GX010664_MP4-0062_jpg.rf.b3ed78c3614972a9e9e3345d6c54656a.jpg,0.8348925709724426,8
datasets/train_on_2025_all\images\frame_00100_jpg.rf.5ecfc4d0e62910ba44076cfc45325e46.jpg,0.8771573752164841,9
datasets/train_on_2025_all\images\frame_00142_jpg.rf.610f8a54ba0571a0093de1cf30f65fc9.jpg,0.9343286976218224,10
datasets/train_on_2025_all\images\GX010665_MP4-0258_jpg.rf.1f2a37c59f8b8c4f8be3ead0b2e609b1.jpg,0.8163024336099625,11
datasets/train_on_2025_all\val\images\frame_00075_jpg.rf.ab9ef0e7149a7db3d36a840215742429.jpg,0.8552075177431107,12
datasets/train_on_2025_all\images\GX010666_MP4-0126_jpg.rf.30f96019850c0c2e4efc0317b535a06a.jpg,0.8481623977422714,13
datasets/train_on_2025_all\val\images\frame_00112_jpg.rf.c15a7c31771b10308570f6a149db3b4a.jpg,0.7912742793560028,14
datasets/train_on_2025_all\images\frame_00104_jpg.rf.1b82511f026d2ee9719302eca42115f6.jpg,0.8788565471768379,15
datasets/train_on_2025_all\images\GX010666_MP4-0283_jpg.rf.ab26b4198daea1f5ebc1ed411cfc8b65.jpg,0.9975074767135084,16
datasets/train_on_2025_all\images\frame_00005_jpg.rf.ce60b95c400ab73280a4d974431fbdf8.jpg,0.8631591200828552,17
datasets/train_on_2025_all\images\frame_00075_jpg.rf.a62d166cf4e2df0444f73c8a8a6c32c0.jpg,0.8213043212890625,18
datasets/train_on_2025_all\images\GX010666_MP4-0167_jpg.rf.14be7df8428d866d01cbac2b31827e58.jpg,0.8349291384220123,19
datasets/train_on_2025_all\images\frame_00013_jpg.rf.9424091660d3d8faeac807af68bea7d1.jpg,0.8351003974676132,20
datasets/train_on_2025_all\images\frame_00016_jpg.rf.0006f06b9938f0a50d749b7edc17ac5b.jpg,0.8540654927492142,21
datasets/train_on_2025_all\images\frame_00226_jpg.rf.7e99009c299e642848fdc908a0c226fb.jpg,0.853833794593811,22
datasets/train_on_2025_all\images\frame_00005_jpg.rf.1d695ea85c20d4cac0295ca54b231eff.jpg,0.8054840266704559,23
datasets/train_on_2025_all\images\frame_00015_jpg.rf.0abf8e298d11a6e3bf029d71a9ba5b09.jpg,0.9049155488610268,24
datasets/train_on_2025_all\val\images\GX010667_MP4-0022_jpg.rf.b35bc0cb241ca9b69a134caf2bc84103.jpg,0.8193017542362213,25
datasets/train_on_2025_all\images\frame_00172_jpg.rf.59839f61d1399f1a10f73d2a699ce70f.jpg,0.9196059629321098,26
datasets/train_on_2025_all\images\frame_00017_jpg.rf.af5669c1e03e8911783bbead0f991dd5.jpg,0.9512526728212833,27
datasets/train_on_2025_all\images\frame_00100_jpg.rf.8b0feb6cc9b36085d4e59dca973a063f.jpg,0.8229799419641495,28
datasets/train_on_2025_all\images\frame_00006_jpg.rf.89372a8bf7fe3d7090f5e9d20f446fd1.jpg,0.8909077495336533,29
datasets/train_on_2025_all\val\images\frame_00115_jpg.rf.b924b162ac6747db94ad9a609d63fe9f.jpg,0.8511308878660202,30
datasets/train_on_2025_all\images\GX010668_MP4-0008_jpg.rf.bfe335ef5e8e8ab498cacce29a552436.jpg,0.8742608577013016,31
datasets/train_on_2025_all\images\GX010666_MP4-0021_jpg.rf.30c1cd81b0c1c1b7d3c98202b1169668.jpg,0.8682928830385208,32
datasets/train_on_2025_all\images\GX010664_MP4-0072_jpg.rf.03bb667b6766896dbc8ee38fc8495027.jpg,0.814736470580101,33
datasets/train_on_2025_all\images\frame_00023_jpg.rf.41ff1bc2341bd137102db1018d38aef9.jpg,0.9425261095166206,34
datasets/train_on_2025_all\images\frame_00080_jpg.rf.4db069dc879101cec5e3458542ce7731.jpg,0.9804452266544104,35
datasets/train_on_2025_all\images\GX010664_MP4-0101_jpg.rf.d81ccc877e2b480ba181242e338f3ee9.jpg,0.8650953769683838,36
datasets/train_on_2025_all\images\GX010666_MP4-0147_jpg.rf.eb40812099a25e93b2e0098b89d6e934.jpg,0.811646044254303,37
datasets/train_on_2025_all\images\GX010666_MP4-0088_jpg.rf.0a70f0082a62ca640283c2aae507b54e.jpg,0.7904966175556183,38
datasets/train_on_2025_all\images\GX010666_MP4-0247_jpg.rf.fb7e1a8267acd941e08937016c122556.jpg,0.7932359278202057,39
datasets/train_on_2025_all\images\frame_00216_jpg.rf.1f6a7dc2c19509b87c22e4cedaae6442.jpg,0.8369601964950562,40
datasets/train_on_2025_all\images\frame_00025_jpg.rf.228dcf1d9ef935d3b90a95aaf7991ea6.jpg,0.8480952233076096,41
datasets/train_on_2025_all\images\frame_00007_jpg.rf.2c644dbeadfda868a6c6d6ca5c29f6eb.jpg,0.8286275416612625,42
datasets/train_on_2025_all\images\frame_00078_jpg.rf.32249801d882be3b4913c1d8c9e83d14.jpg,0.802506148815155,43
datasets/train_on_2025_all\images\GX010664_MP4-0053_jpg.rf.13c305ab0b52c9b2e4c18d0a86098bb8.jpg,0.8082936555147171,44
datasets/train_on_2025_all\images\GX010668_MP4-0031_jpg.rf.fefd527de37bfce52ee3d0a27dfa4934.jpg,0.8620601892471313,45
datasets/train_on_2025_all\images\frame_00143_jpg.rf.bb8c1ab3dd97c075079159c0eef48a40.jpg,0.7949307411909103,46
datasets/train_on_2025_all\images\frame_00139_jpg.rf.dd896c90a093cea381d7f1e282f9a3f6.jpg,0.8347916007041931,47
datasets/train_on_2025_all\images\GX010664_MP4-0027_jpg.rf.724cfb36346fcec21e99e36b8e08f511.jpg,0.9968970825430006,48
datasets/train_on_2025_all\images\frame_00109_jpg.rf.ab809a5bfd374d01ed63e215a16bbac8.jpg,0.9197565615177155,49
datasets/train_on_2025_all\images\frame_00115_jpg.rf.09c9e91658ee1d5b68a8417c40f4de19.jpg,0.8499997407197952,50
datasets/train_on_2025_all\images\frame_00119_jpg.rf.8639e4158518e728eca73c00f72f20c0.jpg,0.9305931404232979,51
datasets/train_on_2025_all\images\GX010666_MP4-0023_jpg.rf.c4503222feffe11366cec7c3faf0e871.jpg,0.7973224222660065,52
datasets/train_on_2025_all\images\frame_00009_jpg.rf.3c5231dd711265c35729c5f88b56f813.jpg,0.9227943792939186,53
datasets/train_on_2025_all\images\frame_00058_jpg.rf.04a8d30f87839b1f4021ac1f50946cce.jpg,0.8709320425987244,54
datasets/train_on_2025_all\val\images\frame_00079_jpg.rf.d073c9519221cd0932708db2c18bc540.jpg,0.8534175008535385,55
datasets/train_on_2025_all\images\frame_00038_jpg.rf.9b85f4e7fa2ffb3ae4ee0c83ccf10172.jpg,0.8039674758911133,56
datasets/train_on_2025_all\images\frame_00176_jpg.rf.384c91dbbd257a2aed4e0987422912a6.jpg,0.7900592386722565,57
datasets/train_on_2025_all\images\GX010665_MP4-0134_jpg.rf.b13059bc41014669614fae18160fa79c.jpg,0.9207746684551239,58
datasets/train_on_2025_all\val\images\frame_00102_jpg.rf.3d45b9a19006e31ed37bf357b24b01c5.jpg,0.8112439066171646,59
datasets/train_on_2025_all\images\GX010666_MP4-0219_jpg.rf.821b03e17a38da7ac301654981fbb814.jpg,0.816835954785347,60
datasets/train_on_2025_all\images\GX010665_MP4-0103_jpg.rf.6c308f1995c3afe5b597a2c45fcc1da3.jpg,0.8330075889825821,61
datasets/train_on_2025_all\images\frame_00062_jpg.rf.cda7b45cf81d89d26a129f2c42870472.jpg,0.970043083652854,62
datasets/train_on_2025_all\images\frame_00082_jpg.rf.c9f07f29ba97dc2a12945eeb9f684914.jpg,0.8572378307580948,63
datasets/train_on_2025_all\images\frame_00125_jpg.rf.39a5f1564f9804e59598bc4bdd2a2c05.jpg,0.7915961891412735,64
datasets/train_on_2025_all\images\frame_00011_jpg.rf.dcabad4bbba54e756b013e97dd23c08e.jpg,0.8447487056255341,65
datasets/train_on_2025_all\images\frame_00079_jpg.rf.54b654e778965e02194d03486e83d614.jpg,0.8549152761697769,66
datasets/train_on_2025_all\images\frame_00018_jpg.rf.91f3dd57c0fd328f0cc84e09ec1f98e0.jpg,0.7883597612380981,67
datasets/train_on_2025_all\images\frame_00053_jpg.rf.d7874e257fcdec1dfe6e28a7cc479e65.jpg,0.8245309591293335,68
datasets/train_on_2025_all\val\images\frame_00045_jpg.rf.633fc43f449e325a7ecef2bc472084f6.jpg,0.8986973389983177,69
datasets/train_on_2025_all\images\frame_00044_jpg.rf.0806309ec042a542cf5927b5b894781d.jpg,0.8975512161850929,70
datasets/train_on_2025_all\images\GX010666_MP4-0062_jpg.rf.390ecd914d57a1dc6adf9647627dd189.jpg,0.9976181397214532,71
datasets/train_on_2025_all\val\images\frame_00095_jpg.rf.6e6bb9618d6b2930ee5177c353f2da9d.jpg,0.9866818832233548,72
datasets/train_on_2025_all\images\frame_00014_jpg.rf.c4e6a8b6f4bd3f38ea22abe07ec20dce.jpg,0.8675437718629837,73
datasets/train_on_2025_all\images\frame_00075_jpg.rf.1a4818da34cacee1cfa1fb3faabfebcd.jpg,0.99515480408445,74
datasets/train_on_2025_all\images\frame_00066_jpg.rf.b1e1879330176dd01704e5050d2fa473.jpg,0.8038767576217651,75
datasets/train_on_2025_all\images\frame_00031_jpg.rf.5cd00e1d69a0ea6e1eefdf7614bc210e.jpg,0.8037972003221512,76
datasets/train_on_2025_all\images\frame_00097_jpg.rf.a404655f7d252186c4f5aee3be75034e.jpg,0.9316780641674995,77
datasets/train_on_2025_all\val\images\frame_00121_jpg.rf.12e93234967f812d13e845668bc04166.jpg,0.8172455132007599,78
datasets/train_on_2025_all\images\frame_00156_jpg.rf.eb22bd8e5f342ca1c241ea75bd8ef2ee.jpg,0.8360057175159454,79
datasets/train_on_2025_all\images\frame_00113_jpg.rf.b9042cd6db344c7189821be6492d1f5c.jpg,0.8561126887798309,80
datasets/train_on_2025_all\images\frame_00024_jpg.rf.405745091316e7ae3d8e3c608cae7a88.jpg,0.856144368648529,81
datasets/train_on_2025_all\images\frame_00020_jpg.rf.cd618e25dc4f5272b7f730cb35aa9153.jpg,0.7960351556539536,82
datasets/train_on_2025_all\images\frame_00042_jpg.rf.5e774e171270363775edce465c0d0178.jpg,0.8819394484162331,83
datasets/train_on_2025_all\images\frame_00097_jpg.rf.23026e3481b08a9bf2cdb18f2d54b3ae.jpg,0.8931323662400246,84
datasets/train_on_2025_all\val\images\frame_00028_jpg.rf.37c96cbf16dcbd9348dc8abe1a6f79ab.jpg,0.7955537587404251,85
datasets/train_on_2025_all\images\frame_00043_jpg.rf.a9851d16b1edbfe41a38f0af00cc5e13.jpg,0.9154676347970963,86
datasets/train_on_2025_all\images\frame_00091_jpg.rf.a42f4601b9810cf874fe445437e60835.jpg,0.8109062165021896,87
datasets/train_on_2025_all\images\frame_00007_jpg.rf.3190f604ce8917bc6c8ad412b5d8e100.jpg,0.8869645670056343,88
datasets/train_on_2025_all\images\GX010667_MP4-0035_jpg.rf.e931147b4dbf4c16e5d0171acc14e5a0.jpg,0.7983241826295853,89
datasets/train_on_2025_all\images\frame_00026_jpg.rf.09b4ff5342fbb09376ad2bcdf68e4b0b.jpg,0.8859225735068321,90
datasets/train_on_2025_all\images\frame_00016_jpg.rf.d34909c5df4e3b53c5709a9edff0138d.jpg,0.8386108875274658,91
datasets/train_on_2025_all\images\frame_00041_jpg.rf.34b9eff779b9cfca8fcde63b31e1c5d2.jpg,0.8471167385578156,92
datasets/train_on_2025_all\val\images\frame_00014_jpg.rf.1a317d65cf64a09942edac87f4f0346d.jpg,0.844412311911583,93
datasets/train_on_2025_all\val\images\frame_00066_jpg.rf.a3cde73d510c0b6d68b9d58f0db1d025.jpg,0.8296414911746979,94
datasets/train_on_2025_all\images\frame_00134_jpg.rf.c4ba0d4d2985c40fcf7e4579b581489a.jpg,0.9010601863265038,95
datasets/train_on_2025_all\images\frame_00164_jpg.rf.c2e99ba68d09104f65eb64f6e905cdcb.jpg,0.7964911311864853,96
datasets/train_on_2025_all\val\images\frame_00087_jpg.rf.7ae06c589f24c04a399eb268b296dcbb.jpg,0.8105703741312027,97
datasets/train_on_2025_all\images\GX010666_MP4-0155_jpg.rf.b3c71857ace56f29fdf0d827a32ce292.jpg,0.8738323450088501,98
datasets/train_on_2025_all\images\GX010666_MP4-0264_jpg.rf.0c5afebcde9c625d909af8070bb5686b.jpg,0.8514084219932556,99
datasets/train_on_2025_all\val\images\frame_00019_jpg.rf.697fb0f2f68c51f5bae3d7953d08b57a.jpg,0.8574624508619308,100
