image_path,split
datasets\train_on_2025_all\val\images\frame_00004_jpg.rf.88a65a3b251ebff973f73b2782f22d3b.jpg,val
datasets\train_on_2025_all\val\images\frame_00007_jpg.rf.98b43a30c9d05e540703295926d96fa2.jpg,val
datasets\train_on_2025_all\val\images\frame_00010_jpg.rf.6e98efa4336499cec7220a1ea4f51422.jpg,val
datasets\train_on_2025_all\val\images\frame_00010_jpg.rf.9c2aa8c33a641e16d49602091aac8559.jpg,val
datasets\train_on_2025_all\val\images\frame_00013_jpg.rf.de154efb15418cdd924e3d5402fe9577.jpg,val
datasets\train_on_2025_all\val\images\frame_00013_jpg.rf.e45c961a193811f5837d1601e4b6f9f5.jpg,val
datasets\train_on_2025_all\val\images\frame_00014_jpg.rf.1a317d65cf64a09942edac87f4f0346d.jpg,val
datasets\train_on_2025_all\val\images\frame_00017_jpg.rf.0f4891f6d26b8ee34867380c79557e2b.jpg,val
datasets\train_on_2025_all\val\images\frame_00017_jpg.rf.4caa4bdc028ec295e4a6581f33b71ded.jpg,val
datasets\train_on_2025_all\val\images\frame_00017_jpg.rf.ae00ccaec1b6b8170570cd8bfbc676ba.jpg,val
datasets\train_on_2025_all\val\images\frame_00019_jpg.rf.10e6b4bb62d98429999bdb4ae0ae77dd.jpg,val
datasets\train_on_2025_all\val\images\frame_00021_jpg.rf.f1be329a07d7ab6c14a91b16d41cfb84.jpg,val
datasets\train_on_2025_all\val\images\frame_00022_jpg.rf.7c6cfbb8e80256baaeee61abd7ab8c63.jpg,val
datasets\train_on_2025_all\val\images\frame_00027_jpg.rf.877aa00f6d1ccf96407372d955a6c6fa.jpg,val
datasets\train_on_2025_all\val\images\frame_00029_jpg.rf.168b1fd4d5133a42821fdf083ca165c4.jpg,val
datasets\train_on_2025_all\val\images\frame_00030_jpg.rf.3b4ff49d4f601b7babc9f08844f90c86.jpg,val
datasets\train_on_2025_all\val\images\frame_00031_jpg.rf.d10f5e4dc5f70cf6fb89c7538d1c9634.jpg,val
datasets\train_on_2025_all\val\images\frame_00032_jpg.rf.f51b4d759fb56cda0d27e431a37fd0c0.jpg,val
datasets\train_on_2025_all\val\images\frame_00039_jpg.rf.70030802aadc30a609408af461aa5968.jpg,val
datasets\train_on_2025_all\val\images\frame_00040_jpg.rf.ae7ba2eb3702ebcbcf954db422113ad8.jpg,val
datasets\train_on_2025_all\val\images\frame_00043_jpg.rf.b2ff059ec76db9faed5a510c1e481bbe.jpg,val
datasets\train_on_2025_all\val\images\frame_00044_jpg.rf.964abac006075081c6be7e3b85842dc4.jpg,val
datasets\train_on_2025_all\val\images\frame_00047_jpg.rf.433845c65c7fb3331ee9129330ba949d.jpg,val
datasets\train_on_2025_all\val\images\frame_00052_jpg.rf.580ac9a238114c53e24ff9dfe438e040.jpg,val
datasets\train_on_2025_all\val\images\frame_00072_jpg.rf.a5353fce3bbcf846fdff8145ded201c7.jpg,val
datasets\train_on_2025_all\val\images\frame_00075_jpg.rf.2f4967fc89be50ac6de5ab98bba85c08.jpg,val
datasets\train_on_2025_all\val\images\frame_00075_jpg.rf.69737e70b8d9fefd3042813a56d99204.jpg,val
datasets\train_on_2025_all\val\images\frame_00075_jpg.rf.fa3744e744223ca729ccec8e9e9d402d.jpg,val
datasets\train_on_2025_all\val\images\frame_00078_jpg.rf.2533274afcc6ebb0be9ab8b55f738016.jpg,val
datasets\train_on_2025_all\val\images\frame_00080_jpg.rf.70b2f556ecfbbb94ec89faaf34c0466b.jpg,val
datasets\train_on_2025_all\val\images\frame_00082_jpg.rf.cd65738bbb2d2df68e1570cfa6f4b2fe.jpg,val
datasets\train_on_2025_all\val\images\frame_00087_jpg.rf.2273da68fbc6530498bbf110cf5cf414.jpg,val
datasets\train_on_2025_all\val\images\frame_00088_jpg.rf.7c0e32ae7a36439992800b99dbec2149.jpg,val
datasets\train_on_2025_all\val\images\frame_00096_jpg.rf.2681eb68228fe2bef0c583b0cbb242e5.jpg,val
datasets\train_on_2025_all\val\images\frame_00097_jpg.rf.1e567c8676fbf904571916ede7caf2aa.jpg,val
datasets\train_on_2025_all\val\images\frame_00098_jpg.rf.13659912a3fad261bec4e2fec536937d.jpg,val
datasets\train_on_2025_all\val\images\frame_00098_jpg.rf.e31efa123de2666eb5a3d12117a50bd8.jpg,val
datasets\train_on_2025_all\val\images\frame_00100_jpg.rf.1dceade3ea5c88ff380fc0a0c08d5670.jpg,val
datasets\train_on_2025_all\val\images\frame_00103_jpg.rf.dcfa70e447e8251d8853370424fd173b.jpg,val
datasets\train_on_2025_all\val\images\frame_00106_jpg.rf.06b3e0ce1241c6a68d34795ce103fd97.jpg,val
datasets\train_on_2025_all\val\images\frame_00106_jpg.rf.7087fe5ce2d441301c48f19812919caf.jpg,val
datasets\train_on_2025_all\val\images\frame_00108_jpg.rf.2797dccb22f0cec7fc8ede551c2364e4.jpg,val
datasets\train_on_2025_all\val\images\frame_00108_jpg.rf.70aa0c3d327b78679029e41e67a4e761.jpg,val
datasets\train_on_2025_all\val\images\frame_00113_jpg.rf.03f09e6607484f67a2c8c2c4622c033e.jpg,val
datasets\train_on_2025_all\val\images\frame_00113_jpg.rf.e2c1539fd451ce3387e479f2344ceb82.jpg,val
datasets\train_on_2025_all\val\images\frame_00115_jpg.rf.b695a2c5c9fe0f34530f88d4c7608c41.jpg,val
datasets\train_on_2025_all\val\images\frame_00116_jpg.rf.2f6613cb62be7ec09ea284f980e05f35.jpg,val
datasets\train_on_2025_all\val\images\frame_00119_jpg.rf.450972c9af7ee6e83cd158412be276a3.jpg,val
datasets\train_on_2025_all\val\images\frame_00122_jpg.rf.2d586d8ae0251d9d37560156e339edac.jpg,val
datasets\train_on_2025_all\val\images\frame_00123_jpg.rf.23ca1f968c29286700ac1730477b1844.jpg,val
datasets\train_on_2025_all\val\images\frame_00126_jpg.rf.59a0317fcd7339560884d25745db7349.jpg,val
datasets\train_on_2025_all\val\images\frame_00137_jpg.rf.37863c62b7e5c493f8a8bbb935558e4d.jpg,val
datasets\train_on_2025_all\val\images\frame_00137_jpg.rf.b873662714718083f0d0b8b1a9f9ff52.jpg,val
datasets\train_on_2025_all\val\images\frame_00137_jpg.rf.e485a257a4bacb1337ecafb6483895d1.jpg,val
datasets\train_on_2025_all\val\images\frame_00138_jpg.rf.6b3cc9f4f6e87d758b7909dad954b389.jpg,val
datasets\train_on_2025_all\val\images\frame_00143_jpg.rf.f0188ceaa25b19d08d00eb6186ec44ae.jpg,val
datasets\train_on_2025_all\val\images\frame_00147_jpg.rf.d4eab13b71efdd10d5d96641c0c8aed1.jpg,val
datasets\train_on_2025_all\val\images\frame_00153_jpg.rf.a494915e949275b1ee75c93233e8c5b3.jpg,val
datasets\train_on_2025_all\val\images\frame_00154_jpg.rf.c82195ddeeec24138d56ec6bc36574fe.jpg,val
datasets\train_on_2025_all\val\images\frame_00155_jpg.rf.65b10faf8765e5753236bc40f87a060d.jpg,val
datasets\train_on_2025_all\val\images\frame_00156_jpg.rf.f5337bfc114b8c691fceb9d1f239ae43.jpg,val
datasets\train_on_2025_all\val\images\frame_00159_jpg.rf.7424d30cdf46154d39cf60a91ee73a5e.jpg,val
datasets\train_on_2025_all\val\images\frame_00162_jpg.rf.7d9c85670b1dd9e517d058c275604a7a.jpg,val
datasets\train_on_2025_all\val\images\frame_00171_jpg.rf.7f406999f0aa8c786521b465b5620733.jpg,val
datasets\train_on_2025_all\val\images\frame_00178_jpg.rf.3e5d98a815e11b9219dfb64fba90686e.jpg,val
datasets\train_on_2025_all\val\images\frame_00208_jpg.rf.d546323772e2be92e59431b4e2072c4f.jpg,val
datasets\train_on_2025_all\val\images\GX010664_MP4-0027_jpg.rf.9be1a7062e9dc99c2865c770c24da79c.jpg,val
datasets\train_on_2025_all\val\images\GX010664_MP4-0031_jpg.rf.c5698f3f3213b4f29f801aa910e85447.jpg,val
datasets\train_on_2025_all\val\images\GX010664_MP4-0042_jpg.rf.4cb03b364f179fdfc87ba63278171cb2.jpg,val
datasets\train_on_2025_all\val\images\GX010664_MP4-0059_jpg.rf.efc52da7042ebe72267de1f18b930db8.jpg,val
datasets\train_on_2025_all\val\images\GX010664_MP4-0071_jpg.rf.c325b76df4746809d9a2ea96b5172bbd.jpg,val
datasets\train_on_2025_all\val\images\GX010664_MP4-0078_jpg.rf.d52997ac14b6f99a294c925411fa7f87.jpg,val
datasets\train_on_2025_all\val\images\GX010664_MP4-0101_jpg.rf.b392e33b090c412a1bd3d16fc896ff07.jpg,val
datasets\train_on_2025_all\val\images\GX010665_MP4-0100_jpg.rf.7fe92a46dbd236f4104e37b487ed5e0a.jpg,val
datasets\train_on_2025_all\val\images\GX010665_MP4-0108_jpg.rf.5fe6fc3f438e32420992750d736dd8de.jpg,val
datasets\train_on_2025_all\val\images\GX010665_MP4-0111_jpg.rf.dfda8ba95fe487f09a469e4f291a1acb.jpg,val
datasets\train_on_2025_all\val\images\GX010665_MP4-0115_jpg.rf.70c41eb7f4be348b26a5682bfe5e218b.jpg,val
datasets\train_on_2025_all\val\images\GX010665_MP4-0119_jpg.rf.5f1aa092febd98b62c66ae83ed4bc8fe.jpg,val
datasets\train_on_2025_all\val\images\GX010665_MP4-0171_jpg.rf.dd6a1ffdea81d23cc70c7551d7336ae1.jpg,val
datasets\train_on_2025_all\val\images\GX010665_MP4-0198_jpg.rf.da126e10c116b5f22a8eca28f42f8830.jpg,val
datasets\train_on_2025_all\val\images\GX010665_MP4-0199_jpg.rf.fc9b041e2f1a850141e77df9b673ff6f.jpg,val
datasets\train_on_2025_all\val\images\GX010665_MP4-0243_jpg.rf.accef6733fc2f035c3362fd5f8609c66.jpg,val
datasets\train_on_2025_all\val\images\GX010665_MP4-0258_jpg.rf.a00c002979213abbf46660d816111f51.jpg,val
datasets\train_on_2025_all\val\images\GX010666_MP4-0008_jpg.rf.b75b894457baec5ffb5fbd2783382378.jpg,val
datasets\train_on_2025_all\val\images\GX010666_MP4-0009_jpg.rf.194361c01a17595bbd4f5ddb7c81dc92.jpg,val
datasets\train_on_2025_all\val\images\GX010666_MP4-0020_jpg.rf.62dc814db651a4d7d87d1cdd84aec6ed.jpg,val
datasets\train_on_2025_all\val\images\GX010666_MP4-0131_jpg.rf.00cea175c515d026f1dede115be5fc5c.jpg,val
datasets\train_on_2025_all\val\images\GX010666_MP4-0137_jpg.rf.ddb399f51b65857ff4ccae7f6021c9c4.jpg,val
datasets\train_on_2025_all\val\images\GX010666_MP4-0141_jpg.rf.b6ec00f4cec5d09a231beda5a9b57eef.jpg,val
datasets\train_on_2025_all\val\images\GX010666_MP4-0143_jpg.rf.c7d88373fc455d3464b259e5bb8908bb.jpg,val
datasets\train_on_2025_all\val\images\GX010666_MP4-0146_jpg.rf.bdee8fb84f77d6ab1f0a6acf01269911.jpg,val
datasets\train_on_2025_all\val\images\GX010666_MP4-0156_jpg.rf.0e17e20b198a52cb4f51db6b3bc6a53c.jpg,val
datasets\train_on_2025_all\val\images\GX010666_MP4-0157_jpg.rf.e7bb421fdf0c7af80746a147557794cc.jpg,val
datasets\train_on_2025_all\val\images\GX010666_MP4-0171_jpg.rf.2dba5238f75cba194c34d51c6791ea50.jpg,val
datasets\train_on_2025_all\val\images\GX010666_MP4-0186_jpg.rf.31e7663c062d2414f79492f77174f4f8.jpg,val
datasets\train_on_2025_all\val\images\GX010666_MP4-0197_jpg.rf.c7a26dc85c03543fda2a41b3498d3119.jpg,val
datasets\train_on_2025_all\val\images\GX010666_MP4-0210_jpg.rf.5547047dcde61a0e2a0ac5e51c4153ec.jpg,val
datasets\train_on_2025_all\val\images\GX010666_MP4-0225_jpg.rf.25cc779e7778969ebd2b9f36dbf9b061.jpg,val
datasets\train_on_2025_all\val\images\GX010666_MP4-0240_jpg.rf.db1934df6c42edc55c9f7562e7d77d86.jpg,val
datasets\train_on_2025_all\val\images\GX010666_MP4-0246_jpg.rf.5f244233e392480ab71194ad5a73cd37.jpg,val
datasets\train_on_2025_all\val\images\GX010666_MP4-0288_jpg.rf.5c3ef0fd81199c48ba0da9e52bdf1e6b.jpg,val
datasets\train_on_2025_all\val\images\GX010666_MP4-0288_jpg.rf.5d019b029d29c5b3986ff017a84a5c95.jpg,val
datasets\train_on_2025_all\val\images\GX010666_MP4-0298_jpg.rf.74220b730d27a8600ee515215f338a79.jpg,val
datasets\train_on_2025_all\val\images\GX010666_MP4-0340_jpg.rf.92e898d4d57ad41c22383fd60f123f99.jpg,val
datasets\train_on_2025_all\val\images\GX010666_MP4-0342_jpg.rf.aec8a183e0362ed8f788356823fc2520.jpg,val
datasets\train_on_2025_all\val\images\GX010666_MP4-0343_jpg.rf.627ce48e8c29330a85285aff925433e7.jpg,val
datasets\train_on_2025_all\val\images\GX010667_MP4-0017_jpg.rf.838403099898006b70c33663e0660e01.jpg,val
datasets\train_on_2025_all\val\images\GX010667_MP4-0032_jpg.rf.5d3b71b6d3c8a243ebdec6d3b53e3638.jpg,val
datasets\train_on_2025_all\val\images\GX010668_MP4-0020_jpg.rf.9f196f99a583ccdb57803aef353582cc.jpg,val
datasets\train_on_2025_all\val\images\GX010668_MP4-0044_jpg.rf.62eff0ff53ea166dd6e268a427b40a9d.jpg,val
datasets\train_on_2025_all\val\images\GX010668_MP4-0046_jpg.rf.b0d1b3e7fa8ae93f9dc5307911be5eb1.jpg,val
datasets\train_on_2025_all\images\frame_00003_jpg.rf.42c03ad0db5e42c1cc474e5ffee4acda.jpg,train
datasets\train_on_2025_all\images\frame_00004_jpg.rf.218144c56928d193f449c445b97971ab.jpg,train
datasets\train_on_2025_all\images\frame_00004_jpg.rf.54b21877958724da379aee0e0e4684fa.jpg,train
datasets\train_on_2025_all\images\frame_00005_jpg.rf.1d695ea85c20d4cac0295ca54b231eff.jpg,train
datasets\train_on_2025_all\images\frame_00005_jpg.rf.281ffad5dbd4c5accc812baf1da4af81.jpg,train
datasets\train_on_2025_all\images\frame_00005_jpg.rf.dba90d4b4eaa2fe3543fd2d1abb0aa21.jpg,train
datasets\train_on_2025_all\images\frame_00007_jpg.rf.7575f4db9b9cfeac208a6e09c37ff2c3.jpg,train
datasets\train_on_2025_all\images\frame_00009_jpg.rf.8f4e9c05dfd8ddbb8812213ee54b6512.jpg,train
datasets\train_on_2025_all\images\frame_00010_jpg.rf.a52f6f0ea794c0f358b63aa3b974419b.jpg,train
datasets\train_on_2025_all\images\frame_00010_jpg.rf.b2a376e6730ed1443f5912537f8e50fb.jpg,train
datasets\train_on_2025_all\images\frame_00010_jpg.rf.b3c82e9a3cad6672f9603ad9463310f2.jpg,train
datasets\train_on_2025_all\images\frame_00010_jpg.rf.c62e1ed29eb686641fd6c490c38af66d.jpg,train
datasets\train_on_2025_all\images\frame_00011_jpg.rf.3c1775a81cf8f88d22c075a4160c2e1e.jpg,train
datasets\train_on_2025_all\images\frame_00011_jpg.rf.b8b1a3fd7b62dd82d7cd3bbc682f54a7.jpg,train
datasets\train_on_2025_all\images\frame_00011_jpg.rf.ce61f94599259c92f54fb182f780fbe2.jpg,train
datasets\train_on_2025_all\images\frame_00012_jpg.rf.0b46ba4251e1de99d336c252b35c60e3.jpg,train
datasets\train_on_2025_all\images\frame_00013_jpg.rf.319a0513adcc6c335d9ab4228ba24610.jpg,train
datasets\train_on_2025_all\images\frame_00013_jpg.rf.3cfbf60c3b10c9fb572307cdefb596fe.jpg,train
datasets\train_on_2025_all\images\frame_00013_jpg.rf.7fd42a37e2e335130df78ddea7ce7837.jpg,train
datasets\train_on_2025_all\images\frame_00014_jpg.rf.2eea9a9106aa9182cc2914addc168882.jpg,train
datasets\train_on_2025_all\images\frame_00014_jpg.rf.3896287d5f1ac17f5bb01b014ffc96af.jpg,train
datasets\train_on_2025_all\images\frame_00014_jpg.rf.741b625386bb48a28e6fdde9681c1592.jpg,train
datasets\train_on_2025_all\images\frame_00014_jpg.rf.9b9bd34dc165431135ddc39fd6827b44.jpg,train
datasets\train_on_2025_all\images\frame_00016_jpg.rf.0006f06b9938f0a50d749b7edc17ac5b.jpg,train
datasets\train_on_2025_all\images\frame_00016_jpg.rf.16e8915aa59422a8497316f6cf8b7692.jpg,train
datasets\train_on_2025_all\images\frame_00016_jpg.rf.ee599fdcbb1e8f33e7230583b9c24776.jpg,train
datasets\train_on_2025_all\images\frame_00017_jpg.rf.af5669c1e03e8911783bbead0f991dd5.jpg,train
datasets\train_on_2025_all\images\frame_00018_jpg.rf.283451d7c2c9a3dab6dfa275af49e1de.jpg,train
datasets\train_on_2025_all\images\frame_00018_jpg.rf.50801ade734e72657c66008b8589730a.jpg,train
datasets\train_on_2025_all\images\frame_00018_jpg.rf.9f273c1f7d6b057e34c98de7bf38df3b.jpg,train
datasets\train_on_2025_all\images\frame_00018_jpg.rf.e16244cefb436c26dfc4ffa4d0d72d08.jpg,train
datasets\train_on_2025_all\images\frame_00018_jpg.rf.f7b0d836e8ede3457a56ecc90885e51e.jpg,train
datasets\train_on_2025_all\images\frame_00019_jpg.rf.4972f7f1306d9a19950c5aa2b1deb74c.jpg,train
datasets\train_on_2025_all\images\frame_00020_jpg.rf.0843d5ffd03ce464d91e9c0aeee009bf.jpg,train
datasets\train_on_2025_all\images\frame_00020_jpg.rf.478fd706a183fd474beeb50b06a59795.jpg,train
datasets\train_on_2025_all\images\frame_00020_jpg.rf.9034c00facbf2733856f3e170459db10.jpg,train
datasets\train_on_2025_all\images\frame_00020_jpg.rf.cd618e25dc4f5272b7f730cb35aa9153.jpg,train
datasets\train_on_2025_all\images\frame_00021_jpg.rf.2316509f3264f0f6f967c8f6427b96b0.jpg,train
datasets\train_on_2025_all\images\frame_00021_jpg.rf.5fa93950d002d8747129ea453eb03005.jpg,train
datasets\train_on_2025_all\images\frame_00021_jpg.rf.e68a4fde0be221e55b58495bc4ae76ae.jpg,train
datasets\train_on_2025_all\images\frame_00022_jpg.rf.8c7b269bb249e42c10204c8db51d1ee6.jpg,train
datasets\train_on_2025_all\images\frame_00022_jpg.rf.f6a124814a4412fd89e58ceafb68c3b3.jpg,train
datasets\train_on_2025_all\images\frame_00023_jpg.rf.3aca143cbb032b9cc3cc6a236246326b.jpg,train
datasets\train_on_2025_all\images\frame_00023_jpg.rf.41ff1bc2341bd137102db1018d38aef9.jpg,train
datasets\train_on_2025_all\images\frame_00024_jpg.rf.0603a9f7aa21d1255b7c99bb20d1046c.jpg,train
datasets\train_on_2025_all\images\frame_00024_jpg.rf.34358c461cc033d93d5783b5ddf5289b.jpg,train
datasets\train_on_2025_all\images\frame_00024_jpg.rf.4c524da7088af043126614f712d60a44.jpg,train
datasets\train_on_2025_all\images\frame_00024_jpg.rf.4e7eb7312b2bca1e8a8a7fd8a25e2c91.jpg,train
datasets\train_on_2025_all\images\frame_00024_jpg.rf.9288bfda87a819f14c3c14f353141405.jpg,train
datasets\train_on_2025_all\images\frame_00025_jpg.rf.0630eb74c7796151d5eaa04852a8116d.jpg,train
datasets\train_on_2025_all\images\frame_00025_jpg.rf.125fbb836524e40971a7bb6c38bd365f.jpg,train
datasets\train_on_2025_all\images\frame_00025_jpg.rf.1a9444350a161ae93be8919d1c407bb8.jpg,train
datasets\train_on_2025_all\images\frame_00025_jpg.rf.228dcf1d9ef935d3b90a95aaf7991ea6.jpg,train
datasets\train_on_2025_all\images\frame_00025_jpg.rf.d353a65083bbfb93979897560afb7ede.jpg,train
datasets\train_on_2025_all\images\frame_00026_jpg.rf.09b4ff5342fbb09376ad2bcdf68e4b0b.jpg,train
datasets\train_on_2025_all\images\frame_00026_jpg.rf.1796cb6440b58ae59c92da3a2b545c6f.jpg,train
datasets\train_on_2025_all\images\frame_00026_jpg.rf.51204a4543b65166c53d6a8174374915.jpg,train
datasets\train_on_2025_all\images\frame_00026_jpg.rf.5c0010d3003ae3d118b045f83fe49b76.jpg,train
datasets\train_on_2025_all\images\frame_00026_jpg.rf.bf9e61a48a0ed36e68b4c59bef0ccdd2.jpg,train
datasets\train_on_2025_all\images\frame_00027_jpg.rf.9588b5e343899cd273aa55b75f0032ad.jpg,train
datasets\train_on_2025_all\images\frame_00027_jpg.rf.fa3e1c62e15b7d958cf3effbd38889ac.jpg,train
datasets\train_on_2025_all\images\frame_00028_jpg.rf.a2bbb85f7973642f1c9b7c7604499e98.jpg,train
datasets\train_on_2025_all\images\frame_00028_jpg.rf.c3e2488e8bfb2ba34a1c28408a87a3be.jpg,train
datasets\train_on_2025_all\images\frame_00028_jpg.rf.ca671a6b78e864c17c1444fdf695dfb2.jpg,train
datasets\train_on_2025_all\images\frame_00029_jpg.rf.89013e8d6bdeca0fb11abb6e3368f38d.jpg,train
datasets\train_on_2025_all\images\frame_00030_jpg.rf.65d07c02730033362a6df23ca8123da6.jpg,train
datasets\train_on_2025_all\images\frame_00030_jpg.rf.8b77a4bdd47ff5adb08bf563f3356ab0.jpg,train
datasets\train_on_2025_all\images\frame_00030_jpg.rf.b8d808c0921d058f8023f0decd435751.jpg,train
datasets\train_on_2025_all\images\frame_00031_jpg.rf.0931931abc87d42bbb151422fe85d443.jpg,train
datasets\train_on_2025_all\images\frame_00031_jpg.rf.26a51fca9a69d1ca2567c63b8a6a6043.jpg,train
datasets\train_on_2025_all\images\frame_00031_jpg.rf.9e1ad113cbe1e165e9d9c17452826ad1.jpg,train
datasets\train_on_2025_all\images\frame_00032_jpg.rf.e2c01fde336c8d6ac44496382e782d2c.jpg,train
datasets\train_on_2025_all\images\frame_00033_jpg.rf.6039676c2cd6a2c704f912e8754e6bec.jpg,train
datasets\train_on_2025_all\images\frame_00034_jpg.rf.23e0236d639634e6a7297589c01fbf6c.jpg,train
datasets\train_on_2025_all\images\frame_00034_jpg.rf.2fbbf69350e0652abde216d6126d1b2e.jpg,train
datasets\train_on_2025_all\images\frame_00034_jpg.rf.49a3d06e69b81435157af5b7a39f21e1.jpg,train
datasets\train_on_2025_all\images\frame_00034_jpg.rf.558ad84f38c715ff1fec4bb405b62bf6.jpg,train
datasets\train_on_2025_all\images\frame_00034_jpg.rf.8d5204bb68bcf6b6121d6ccd9c704ae4.jpg,train
datasets\train_on_2025_all\images\frame_00034_jpg.rf.f89bae29d26bc99eb3a49fd882811c4c.jpg,train
datasets\train_on_2025_all\images\frame_00038_jpg.rf.089b70690c918d4a8831c2f12dd1aec7.jpg,train
datasets\train_on_2025_all\images\frame_00038_jpg.rf.595e5d0f0f19eec1d6538f85aaefa906.jpg,train
datasets\train_on_2025_all\images\frame_00039_jpg.rf.2afef1f1cb1580cc2e182a5eab297704.jpg,train
datasets\train_on_2025_all\images\frame_00039_jpg.rf.2cd947d5f76f8209b6f8eb0b7a22dca6.jpg,train
datasets\train_on_2025_all\images\frame_00039_jpg.rf.673c2933e14af182e9cfbf398a8082a8.jpg,train
datasets\train_on_2025_all\images\frame_00041_jpg.rf.c134c0c43ebec8a8346467c6541813c2.jpg,train
datasets\train_on_2025_all\images\frame_00042_jpg.rf.27fedaf370ec027f1c1a3c1d34e1abd8.jpg,train
datasets\train_on_2025_all\images\frame_00042_jpg.rf.733bcfb8fc942ace3bfab5a047d3cd76.jpg,train
datasets\train_on_2025_all\images\frame_00042_jpg.rf.a4db0f37fd3d905f7d957779ad021e10.jpg,train
datasets\train_on_2025_all\images\frame_00043_jpg.rf.3282d82e2870ff1002bc154f317b7c04.jpg,train
datasets\train_on_2025_all\images\frame_00043_jpg.rf.bfcef015bff0a73ab5c80ef3b9df823f.jpg,train
datasets\train_on_2025_all\images\frame_00045_jpg.rf.d5faf2ca98416f53cefae83c358e96b9.jpg,train
datasets\train_on_2025_all\images\frame_00046_jpg.rf.5f2867d3c24090d43e9ab566e98ba40d.jpg,train
datasets\train_on_2025_all\images\frame_00046_jpg.rf.8e97cf14197d246f726eac05bf1b8591.jpg,train
datasets\train_on_2025_all\images\frame_00046_jpg.rf.b74205aa7ed0ea0343e908912abbc439.jpg,train
datasets\train_on_2025_all\images\frame_00047_jpg.rf.f18e11d2748819130279015b9f55d49f.jpg,train
datasets\train_on_2025_all\images\frame_00049_jpg.rf.391b76ea640d7c9279a4a65ee41952c8.jpg,train
datasets\train_on_2025_all\images\frame_00050_jpg.rf.f1dfb36a78749a285bbe57f351cfa785.jpg,train
datasets\train_on_2025_all\images\frame_00051_jpg.rf.19bea96ec9f9b6316709704444db0f0f.jpg,train
datasets\train_on_2025_all\images\frame_00052_jpg.rf.d6aff11d03cac34caa3d17ae7f0b8593.jpg,train
datasets\train_on_2025_all\images\frame_00053_jpg.rf.74a267d6a75dca3f9deb343203a0d163.jpg,train
datasets\train_on_2025_all\images\frame_00053_jpg.rf.a9b14b05fb884321e1d19acb611ee9be.jpg,train
datasets\train_on_2025_all\images\frame_00054_jpg.rf.9db3c1d64293a2cf858aa5cb04880e00.jpg,train
datasets\train_on_2025_all\images\frame_00054_jpg.rf.bf9b4cd1fe322cb102f23eb9a665b97b.jpg,train
datasets\train_on_2025_all\images\frame_00054_jpg.rf.f15593d2495c4a93c8204fd60e80a051.jpg,train
datasets\train_on_2025_all\images\frame_00055_jpg.rf.f6a334906211942ebf70f801f6ba26df.jpg,train
datasets\train_on_2025_all\images\frame_00057_jpg.rf.4cbd5cd02408130bc9331b731159ccc2.jpg,train
datasets\train_on_2025_all\images\frame_00057_jpg.rf.c80a416d645276b7004cd010ed19e3da.jpg,train
datasets\train_on_2025_all\images\frame_00057_jpg.rf.cc1c2e027a91077df85893fbe8df9ff1.jpg,train
datasets\train_on_2025_all\images\frame_00058_jpg.rf.0169f3fefa646c4f6ea7aa838e3e2d7b.jpg,train
datasets\train_on_2025_all\images\frame_00058_jpg.rf.cf3ee9db438b69bd4e090f57ada788d1.jpg,train
datasets\train_on_2025_all\images\frame_00059_jpg.rf.12d8a42420d685ff67a5f848a7e959c8.jpg,train
datasets\train_on_2025_all\images\frame_00060_jpg.rf.9b4fb6783022ba1eb6092e21fa446b94.jpg,train
datasets\train_on_2025_all\images\frame_00060_jpg.rf.a91ec4db5757544e0960e57b52e822bf.jpg,train
datasets\train_on_2025_all\images\frame_00060_jpg.rf.fb208306168d0801a10b0ac69cd66ca1.jpg,train
datasets\train_on_2025_all\images\frame_00061_jpg.rf.78791ebade3bd58f38237fef2466f03b.jpg,train
datasets\train_on_2025_all\images\frame_00062_jpg.rf.c9f6863db5c339a8e055e46bdaf6e45e.jpg,train
datasets\train_on_2025_all\images\frame_00063_jpg.rf.0d4beb04df06aaedf7aacdaffee784be.jpg,train
datasets\train_on_2025_all\images\frame_00063_jpg.rf.394adbb257efd2d9e90e54aeebd6724b.jpg,train
datasets\train_on_2025_all\images\frame_00063_jpg.rf.f3d9fc129aa922a9ba5016f6c3a8dc98.jpg,train
datasets\train_on_2025_all\images\frame_00066_jpg.rf.09abec941dd0caa4c524fd2f2416dc0f.jpg,train
datasets\train_on_2025_all\images\frame_00066_jpg.rf.3b2ed18bf8002a2acd4119c7f4144ce7.jpg,train
datasets\train_on_2025_all\images\frame_00066_jpg.rf.3d0078a00032a7a35a65062bf392afac.jpg,train
datasets\train_on_2025_all\images\frame_00066_jpg.rf.98e2674dc8653490a16dea24809c7b36.jpg,train
datasets\train_on_2025_all\images\frame_00067_jpg.rf.6a6f462df834b8f2289e313f7a046a55.jpg,train
datasets\train_on_2025_all\images\frame_00067_jpg.rf.9fd02056dfab28b8ca54fec4273c15a8.jpg,train
datasets\train_on_2025_all\images\frame_00067_jpg.rf.a5262db5d710626fe6f6fb4a3a33e3ca.jpg,train
datasets\train_on_2025_all\images\frame_00067_jpg.rf.c77cc2c61eb3cc10e4176b67742d8782.jpg,train
datasets\train_on_2025_all\images\frame_00068_jpg.rf.da2b8315c66f71f8c1b62d65d0195648.jpg,train
datasets\train_on_2025_all\images\frame_00069_jpg.rf.6e6a3210ae6fc4824c5c88d82ac4383b.jpg,train
datasets\train_on_2025_all\images\frame_00069_jpg.rf.7a062688ebdb7aafae7c004d1d99b92f.jpg,train
datasets\train_on_2025_all\images\frame_00071_jpg.rf.3608209924cc34eb455da72175ee77e9.jpg,train
datasets\train_on_2025_all\images\frame_00071_jpg.rf.532623f4be88164833252e27cd51f542.jpg,train
datasets\train_on_2025_all\images\frame_00071_jpg.rf.e961f07c0a7dcfd1ce60cb5ce0a1b796.jpg,train
datasets\train_on_2025_all\images\frame_00072_jpg.rf.3ca265c8a06a686862daffccdf96226a.jpg,train
datasets\train_on_2025_all\images\frame_00072_jpg.rf.4d492c356a33bb32bf2c0bfddbd0528f.jpg,train
datasets\train_on_2025_all\images\frame_00073_jpg.rf.c5b4fb51469502f736911f1cd7943147.jpg,train
datasets\train_on_2025_all\images\frame_00073_jpg.rf.cb206bb096c73e0fd0cf2bbd8e63e023.jpg,train
datasets\train_on_2025_all\images\frame_00074_jpg.rf.4f8236ced638522b54875eeae2f78fec.jpg,train
datasets\train_on_2025_all\images\frame_00074_jpg.rf.54dd770849b30051f1e0bb904c437e88.jpg,train
datasets\train_on_2025_all\images\frame_00074_jpg.rf.6341fcfd1257c9c041786a039a4e6300.jpg,train
datasets\train_on_2025_all\images\frame_00074_jpg.rf.635441b8e7aa45244e58e4b08f205b69.jpg,train
datasets\train_on_2025_all\images\frame_00074_jpg.rf.9bd49ef3be99ec48eca75c16affe2249.jpg,train
datasets\train_on_2025_all\images\frame_00077_jpg.rf.d586fbcfeb7a030f214bbca12e36d4c8.jpg,train
datasets\train_on_2025_all\images\frame_00078_jpg.rf.170475c7e1db5b5f4b519ff82454c636.jpg,train
datasets\train_on_2025_all\images\frame_00078_jpg.rf.32249801d882be3b4913c1d8c9e83d14.jpg,train
datasets\train_on_2025_all\images\frame_00078_jpg.rf.504daa7cc396a94fa83625cb6fb21ff5.jpg,train
datasets\train_on_2025_all\images\frame_00078_jpg.rf.c039e7d4785136ca146de790c98ecef7.jpg,train
datasets\train_on_2025_all\images\frame_00079_jpg.rf.4ff520ddb3af10ad0b92b5954946d874.jpg,train
datasets\train_on_2025_all\images\frame_00079_jpg.rf.54b654e778965e02194d03486e83d614.jpg,train
datasets\train_on_2025_all\images\frame_00080_jpg.rf.0960e23db69030b862466ee7b9e76999.jpg,train
datasets\train_on_2025_all\images\frame_00080_jpg.rf.b7f08447aeb94d9644fb17779145a8c5.jpg,train
datasets\train_on_2025_all\images\frame_00081_jpg.rf.5752f413ac050961397cce5ba1e6b14b.jpg,train
datasets\train_on_2025_all\images\frame_00082_jpg.rf.90cd22253090ef1fbd19d80574dc131a.jpg,train
datasets\train_on_2025_all\images\frame_00083_jpg.rf.97c728206a90ea09a6def13141f2e0b4.jpg,train
datasets\train_on_2025_all\images\frame_00084_jpg.rf.86ca6d772a18a85c34cb9b09fc624e2d.jpg,train
datasets\train_on_2025_all\images\frame_00085_jpg.rf.0e9a1203946c87724bb6aac2fd156fdd.jpg,train
datasets\train_on_2025_all\images\frame_00085_jpg.rf.1161fca6571b4ad91231bf29e580b421.jpg,train
datasets\train_on_2025_all\images\frame_00085_jpg.rf.844b01290ed551f9b286411da7f4c8fc.jpg,train
datasets\train_on_2025_all\images\frame_00085_jpg.rf.c591bc1e27531cd22c8390ca336d7a76.jpg,train
datasets\train_on_2025_all\images\frame_00085_jpg.rf.ecce20b9f85124d9b51b20733f86ee05.jpg,train
datasets\train_on_2025_all\images\frame_00085_jpg.rf.fdfe7390b29d43d0f420d8f63776a570.jpg,train
datasets\train_on_2025_all\images\frame_00086_jpg.rf.38d25f6e9238641c8f3f68a1dcd0feba.jpg,train
datasets\train_on_2025_all\images\frame_00087_jpg.rf.7cb87a27d76c6be6a9a9223e89785e14.jpg,train
datasets\train_on_2025_all\images\frame_00087_jpg.rf.b7475a9039b5c11a3b48b8f848026b33.jpg,train
datasets\train_on_2025_all\images\frame_00088_jpg.rf.887f60abf987023f3313d57adf26e9e0.jpg,train
datasets\train_on_2025_all\images\frame_00089_jpg.rf.8a5da7b6a4b7a8c8807b5f50f1fab6c3.jpg,train
datasets\train_on_2025_all\images\frame_00090_jpg.rf.1453d75906f6168bfaf20fe8f8ea988c.jpg,train
datasets\train_on_2025_all\images\frame_00090_jpg.rf.b38b94e1f8466f86b0794254433f0e63.jpg,train
datasets\train_on_2025_all\images\frame_00091_jpg.rf.aebe15e8d901546151e924e367e5c36b.jpg,train
datasets\train_on_2025_all\images\frame_00091_jpg.rf.eb58b6570b5d5863afe9af6143227bfd.jpg,train
datasets\train_on_2025_all\images\frame_00092_jpg.rf.4d717835b6bbbea0a2429fffd5d837b2.jpg,train
datasets\train_on_2025_all\images\frame_00092_jpg.rf.c536c659ef2a431ee6772a68f901c06e.jpg,train
datasets\train_on_2025_all\images\frame_00093_jpg.rf.9f4ffe2fd18580197a7bed003d4756c7.jpg,train
datasets\train_on_2025_all\images\frame_00094_jpg.rf.c67ff41fc16379591f8704b9954e234e.jpg,train
datasets\train_on_2025_all\images\frame_00094_jpg.rf.d9c61fe7d3709eadcab8c1c549f4f978.jpg,train
datasets\train_on_2025_all\images\frame_00094_jpg.rf.f7e73ba53b2612f8b092654d792a13d5.jpg,train
datasets\train_on_2025_all\images\frame_00096_jpg.rf.a8fb15b77325172017894c8a56f5ecb2.jpg,train
datasets\train_on_2025_all\images\frame_00097_jpg.rf.23026e3481b08a9bf2cdb18f2d54b3ae.jpg,train
datasets\train_on_2025_all\images\frame_00097_jpg.rf.a404655f7d252186c4f5aee3be75034e.jpg,train
datasets\train_on_2025_all\images\frame_00098_jpg.rf.419ba1e4b0df0e0d7ba65595a1b51c01.jpg,train
datasets\train_on_2025_all\images\frame_00098_jpg.rf.7618b7522124422762858e43b5024171.jpg,train
datasets\train_on_2025_all\images\frame_00098_jpg.rf.ddb4874e1fb31104eab5a006623ff744.jpg,train
datasets\train_on_2025_all\images\frame_00099_jpg.rf.314941d067e31f23c281bc9f42a17afc.jpg,train
datasets\train_on_2025_all\images\frame_00099_jpg.rf.60ce93cee441f877c9966a4603162389.jpg,train
datasets\train_on_2025_all\images\frame_00099_jpg.rf.90d8f23910b11d6b27e6c9fc9f07baf9.jpg,train
datasets\train_on_2025_all\images\frame_00100_jpg.rf.32ddcea70f54ee615ea0f5b9bf425dc8.jpg,train
datasets\train_on_2025_all\images\frame_00100_jpg.rf.38d043a8f9673a97289261a97aaf0021.jpg,train
datasets\train_on_2025_all\images\frame_00100_jpg.rf.60af75aaecab8c9cc7f3cbbecd6909f8.jpg,train
datasets\train_on_2025_all\images\frame_00100_jpg.rf.8b0feb6cc9b36085d4e59dca973a063f.jpg,train
datasets\train_on_2025_all\images\frame_00100_jpg.rf.dfb4b4df24c8223816f99e10a08cc818.jpg,train
datasets\train_on_2025_all\images\frame_00101_jpg.rf.157b70319ac7104db907b76981cb884b.jpg,train
datasets\train_on_2025_all\images\frame_00101_jpg.rf.7b375c7e938c979cf83a257be2318498.jpg,train
datasets\train_on_2025_all\images\frame_00101_jpg.rf.c102f58e02524e64546eb5be7db50f9e.jpg,train
datasets\train_on_2025_all\images\frame_00101_jpg.rf.d31d73713c55348fad739840dda5e7f6.jpg,train
datasets\train_on_2025_all\images\frame_00102_jpg.rf.5412d4c86b50f5871d506e1337754386.jpg,train
datasets\train_on_2025_all\images\frame_00102_jpg.rf.78f088c602119c1e41d78095bf96c973.jpg,train
datasets\train_on_2025_all\images\frame_00102_jpg.rf.79a07a53c245b4af1a180965d8b669fe.jpg,train
datasets\train_on_2025_all\images\frame_00102_jpg.rf.7f5acb416bf69cbe38f1e9b2dbf1d9ee.jpg,train
datasets\train_on_2025_all\images\frame_00102_jpg.rf.aab8ce303692aec3d50bdfb845a04b39.jpg,train
datasets\train_on_2025_all\images\frame_00102_jpg.rf.b5ffa78ef2dff523f8201b999381cf67.jpg,train
datasets\train_on_2025_all\images\frame_00103_jpg.rf.cd17b01b2679fbdddc5bece7681ed711.jpg,train
datasets\train_on_2025_all\images\frame_00106_jpg.rf.2e5d2a0711cb22548ae8b972f046d915.jpg,train
datasets\train_on_2025_all\images\frame_00106_jpg.rf.3c52962705f3a6e6796849d4f945be59.jpg,train
datasets\train_on_2025_all\images\frame_00106_jpg.rf.e95b206ce2e8c6a0ab5acdd3a73f8eb5.jpg,train
datasets\train_on_2025_all\images\frame_00107_jpg.rf.a17b5c916ad4231a427df4573fa8d445.jpg,train
datasets\train_on_2025_all\images\frame_00107_jpg.rf.a36623f85ff058b13e804b7b3ccc03f0.jpg,train
datasets\train_on_2025_all\images\frame_00107_jpg.rf.e16c7c48ad47fbdc234ad34eef2a83e9.jpg,train
datasets\train_on_2025_all\images\frame_00107_jpg.rf.e772a62db23b6bb70035e791b7c9d953.jpg,train
datasets\train_on_2025_all\images\frame_00108_jpg.rf.295016a819fae9d9a701eab98651587e.jpg,train
datasets\train_on_2025_all\images\frame_00109_jpg.rf.cf98ba0226b2b7cc42cdc752fd574f5a.jpg,train
datasets\train_on_2025_all\images\frame_00109_jpg.rf.e13574e9fa0a18843c5980fe71ef8112.jpg,train
datasets\train_on_2025_all\images\frame_00110_jpg.rf.df2bdf0f24daae79602d7712bc686056.jpg,train
datasets\train_on_2025_all\images\frame_00111_jpg.rf.e119b2b8a48bd07171abb381a1cd9586.jpg,train
datasets\train_on_2025_all\images\frame_00112_jpg.rf.19407285bd86d4c2d4094014e17c8cc9.jpg,train
datasets\train_on_2025_all\images\frame_00112_jpg.rf.958fa799d8168c0eb6f65f8ba9aaecd7.jpg,train
datasets\train_on_2025_all\images\frame_00112_jpg.rf.ae2c9697618e454b657dbc4c8cf9389f.jpg,train
datasets\train_on_2025_all\images\frame_00112_jpg.rf.cb21932a734bc66a23f757a80e283228.jpg,train
datasets\train_on_2025_all\images\frame_00112_jpg.rf.dd4245da7b63d58847f3e0b0e612d4fd.jpg,train
datasets\train_on_2025_all\images\frame_00113_jpg.rf.444c3f82e39beae3824ad70ad300e72b.jpg,train
datasets\train_on_2025_all\images\frame_00114_jpg.rf.7808455ae1f37d9abe1e07e8a78fd4ba.jpg,train
datasets\train_on_2025_all\images\frame_00115_jpg.rf.4d356b7cc359605444bd1fdaa19e5c02.jpg,train
datasets\train_on_2025_all\images\frame_00115_jpg.rf.539c6d1421557a07a09d1a4313123902.jpg,train
datasets\train_on_2025_all\images\frame_00115_jpg.rf.741abbed617a3813ba970a9635e9c9aa.jpg,train
datasets\train_on_2025_all\images\frame_00115_jpg.rf.be4b4fa2ca9c26045f79efa5bf130d0c.jpg,train
datasets\train_on_2025_all\images\frame_00116_jpg.rf.9e1618cbc68b1e859eb80415375c8baa.jpg,train
datasets\train_on_2025_all\images\frame_00116_jpg.rf.a98bec3a4f672c9b1f94cc8b5003d50c.jpg,train
datasets\train_on_2025_all\images\frame_00116_jpg.rf.fe588a2b52b8ce9b437976e6cd2b3bea.jpg,train
datasets\train_on_2025_all\images\frame_00117_jpg.rf.6b202153988bcb138f69eb463df643bc.jpg,train
datasets\train_on_2025_all\images\frame_00117_jpg.rf.de52549f73f9d80a939f45363b3456d6.jpg,train
datasets\train_on_2025_all\images\frame_00120_jpg.rf.ada370c3ba24caf68f8224ff3b0d9ee0.jpg,train
datasets\train_on_2025_all\images\frame_00122_jpg.rf.489a008afb54143c1bfd52e9e91f6c4f.jpg,train
datasets\train_on_2025_all\images\frame_00122_jpg.rf.4f8129ff20a42b04f93005171606ced5.jpg,train
datasets\train_on_2025_all\images\frame_00122_jpg.rf.a4ef101157f6eee558b2110f359a51ec.jpg,train
datasets\train_on_2025_all\images\frame_00122_jpg.rf.b94ac813ea569b1f7d7a65124a43d101.jpg,train
datasets\train_on_2025_all\images\frame_00122_jpg.rf.dffecf0315ec13a6d833a0feaec8c13b.jpg,train
datasets\train_on_2025_all\images\frame_00123_jpg.rf.8bad2c2726ee93d93ad23d450b4c2c65.jpg,train
datasets\train_on_2025_all\images\frame_00124_jpg.rf.454c0fb90c305f5c2fac713c3ff04901.jpg,train
datasets\train_on_2025_all\images\frame_00124_jpg.rf.6345f0f18c79e46304b8fe8fa214e0ca.jpg,train
datasets\train_on_2025_all\images\frame_00125_jpg.rf.e3189d23520dbe0d409eef61d5e72701.jpg,train
datasets\train_on_2025_all\images\frame_00126_jpg.rf.ab43f518ef97b30a19d9610b646d7819.jpg,train
datasets\train_on_2025_all\images\frame_00126_jpg.rf.bb555e393b4ae06edbcfaa9607ef0018.jpg,train
datasets\train_on_2025_all\images\frame_00127_jpg.rf.b0b41104fd63b4be6db846c1511dddc1.jpg,train
datasets\train_on_2025_all\images\frame_00127_jpg.rf.d03d30128cc59c0fe622e4eef3fcf48b.jpg,train
datasets\train_on_2025_all\images\frame_00128_jpg.rf.239f1bb0dfd721699ba816a7021dc78f.jpg,train
datasets\train_on_2025_all\images\frame_00129_jpg.rf.0caeee9cb1f27a3ecf549ea5c448aac3.jpg,train
datasets\train_on_2025_all\images\frame_00131_jpg.rf.aeb1943c2a558f4f72e54359817b73e4.jpg,train
datasets\train_on_2025_all\images\frame_00132_jpg.rf.7027d5a04269c082f0fc7e6d0b321376.jpg,train
datasets\train_on_2025_all\images\frame_00132_jpg.rf.cfe05cad09c75fb3337806f8917c3b01.jpg,train
datasets\train_on_2025_all\images\frame_00133_jpg.rf.7a64ca55f1b24010173ec878099c9730.jpg,train
datasets\train_on_2025_all\images\frame_00134_jpg.rf.2336d2377605ece3a4f9cdfa9c536f08.jpg,train
datasets\train_on_2025_all\images\frame_00135_jpg.rf.6b3359d61c361281b7ac4356ab995a63.jpg,train
datasets\train_on_2025_all\images\frame_00135_jpg.rf.8d19f6ea905447d4f6f4db95cf0bf4c3.jpg,train
datasets\train_on_2025_all\images\frame_00135_jpg.rf.a16fac132ed3fd350086fb7a8c9087f4.jpg,train
datasets\train_on_2025_all\images\frame_00137_jpg.rf.c2f1f6abd932bd949902a45e5f4f89a3.jpg,train
datasets\train_on_2025_all\images\frame_00138_jpg.rf.2f9360b8e67ee9de50078490fcf103f6.jpg,train
datasets\train_on_2025_all\images\frame_00138_jpg.rf.8877fafbd47ee87b89942861b456e17f.jpg,train
datasets\train_on_2025_all\images\frame_00140_jpg.rf.f0cae0fff7dc8d7073d1971e0dd8abab.jpg,train
datasets\train_on_2025_all\images\frame_00141_jpg.rf.6ecbe90e31518552dba4d81b87e4d9b3.jpg,train
datasets\train_on_2025_all\images\frame_00142_jpg.rf.b648b7575300c6338b3583bebcbbef12.jpg,train
datasets\train_on_2025_all\images\frame_00143_jpg.rf.77146ed7c19c7b4c57221469eb47f4c8.jpg,train
datasets\train_on_2025_all\images\frame_00147_jpg.rf.07582adc829d3e4499b28a1faa1b84ac.jpg,train
datasets\train_on_2025_all\images\frame_00148_jpg.rf.09db0dbc65b8cb06b3d67f8b2896c814.jpg,train
datasets\train_on_2025_all\images\frame_00149_jpg.rf.6c09df71de538fc861260e64aa4695da.jpg,train
datasets\train_on_2025_all\images\frame_00149_jpg.rf.737b2c9711d547becfb3a70b1ae5dd00.jpg,train
datasets\train_on_2025_all\images\frame_00151_jpg.rf.e202f0ec9e9321ab05df1decc671e4ad.jpg,train
datasets\train_on_2025_all\images\frame_00152_jpg.rf.49c9cfbcd16b7e26a5aefce5be305864.jpg,train
datasets\train_on_2025_all\images\frame_00153_jpg.rf.0107d3cef0eb20e1c132a00ecb46b1b2.jpg,train
datasets\train_on_2025_all\images\frame_00154_jpg.rf.6fbaef2ac7e27241841a021bd8d1447f.jpg,train
datasets\train_on_2025_all\images\frame_00155_jpg.rf.1ec215b688e8d920d304707c875b10cc.jpg,train
datasets\train_on_2025_all\images\frame_00155_jpg.rf.42881d7850883c18c8faa76c84561604.jpg,train
datasets\train_on_2025_all\images\frame_00158_jpg.rf.c78563df56b77b704dd0b8bad1203d83.jpg,train
datasets\train_on_2025_all\images\frame_00159_jpg.rf.af9ff0bd40cfb3ccbc7eaaa542083a8b.jpg,train
datasets\train_on_2025_all\images\frame_00161_jpg.rf.eea44f6894dd6990cc6c0fa912073104.jpg,train
datasets\train_on_2025_all\images\frame_00163_jpg.rf.2cf82bc8c41434af60672810ede29a2c.jpg,train
datasets\train_on_2025_all\images\frame_00164_jpg.rf.5b580d277a1c780753385a5ea1d018b6.jpg,train
datasets\train_on_2025_all\images\frame_00168_jpg.rf.3b8c425c57a604853819ede351a937a6.jpg,train
datasets\train_on_2025_all\images\frame_00168_jpg.rf.a89423c362e994e2fc9809ba4acf4e86.jpg,train
datasets\train_on_2025_all\images\frame_00169_jpg.rf.a086e206f6108d9c5af39d6bbbadf907.jpg,train
datasets\train_on_2025_all\images\frame_00170_jpg.rf.e08b3d28c0cfc7d8c64b9fff9b8d1cd7.jpg,train
datasets\train_on_2025_all\images\frame_00171_jpg.rf.8fbf046de504225c41d3b0e115020df0.jpg,train
datasets\train_on_2025_all\images\frame_00171_jpg.rf.94b60fed4d55736df323e12d980620ac.jpg,train
datasets\train_on_2025_all\images\frame_00172_jpg.rf.4970dc2ec935cfadcb37a1c6a146483a.jpg,train
datasets\train_on_2025_all\images\frame_00172_jpg.rf.554cd188d7a87696b8a1bfeea5aa7215.jpg,train
datasets\train_on_2025_all\images\frame_00172_jpg.rf.59839f61d1399f1a10f73d2a699ce70f.jpg,train
datasets\train_on_2025_all\images\frame_00172_jpg.rf.806af180e08d9dd8d990d55fb982a63a.jpg,train
datasets\train_on_2025_all\images\frame_00174_jpg.rf.07aa8adc840e8e8182cad71faa519db8.jpg,train
datasets\train_on_2025_all\images\frame_00174_jpg.rf.79559def5011b4349a120c014641f0dc.jpg,train
datasets\train_on_2025_all\images\frame_00175_jpg.rf.9095ec589aea6d6c5776f11f2f3ad010.jpg,train
datasets\train_on_2025_all\images\frame_00175_jpg.rf.b7c0e6f0bbb1cc22e99ff510e80f2b06.jpg,train
datasets\train_on_2025_all\images\frame_00176_jpg.rf.0150d23c6192c1a9aa4aea41ea276bf6.jpg,train
datasets\train_on_2025_all\images\frame_00177_jpg.rf.c09668ae743794967e11b192bbf9d81c.jpg,train
datasets\train_on_2025_all\images\frame_00178_jpg.rf.fe2afc73549f46796e8b584a9d95d48a.jpg,train
datasets\train_on_2025_all\images\frame_00179_jpg.rf.b2d11961150acea61d778a59535d052e.jpg,train
datasets\train_on_2025_all\images\frame_00181_jpg.rf.ca7e288369a0bd2f3f72309aad708996.jpg,train
datasets\train_on_2025_all\images\frame_00183_jpg.rf.daa6e5a84ccbcad5d525a0d9eac0d492.jpg,train
datasets\train_on_2025_all\images\frame_00183_jpg.rf.f74b7e3ae9bc5792d468906bb09a0e8c.jpg,train
datasets\train_on_2025_all\images\frame_00184_jpg.rf.f64615418aec9e83746f397af1099e13.jpg,train
datasets\train_on_2025_all\images\frame_00187_jpg.rf.ec1a63e9583601b967401351d0c55e70.jpg,train
datasets\train_on_2025_all\images\frame_00194_jpg.rf.0cf908debb751707cca2d6b1a7a3b78d.jpg,train
datasets\train_on_2025_all\images\frame_00194_jpg.rf.97c9e4b9bf269bcba1be06614b7c5a82.jpg,train
datasets\train_on_2025_all\images\frame_00196_jpg.rf.27928df31a68eaa9dbe21fef14c5544e.jpg,train
datasets\train_on_2025_all\images\frame_00197_jpg.rf.10d35142641cd74d54bcdaa82aa9bda4.jpg,train
datasets\train_on_2025_all\images\frame_00197_jpg.rf.314f3bef9a996bfba4f8799e5db538b2.jpg,train
datasets\train_on_2025_all\images\frame_00200_jpg.rf.3306beb64c7f86100c5b2509b7ee5734.jpg,train
datasets\train_on_2025_all\images\frame_00204_jpg.rf.6e70f8ad724386117bdf0dc580e25215.jpg,train
datasets\train_on_2025_all\images\frame_00205_jpg.rf.a32bd44aa7be3efb016da06e785681c7.jpg,train
datasets\train_on_2025_all\images\frame_00206_jpg.rf.9850fcccd9ce72e6090b86736cc1c3e3.jpg,train
datasets\train_on_2025_all\images\frame_00208_jpg.rf.ce685b33bf3e98da2c9317a2d10dff5a.jpg,train
datasets\train_on_2025_all\images\frame_00210_jpg.rf.bb206c1c559e0a4a8438cbc3f723d3bb.jpg,train
datasets\train_on_2025_all\images\frame_00211_jpg.rf.e717ca45b72773ba1f31b25dd26a4b50.jpg,train
datasets\train_on_2025_all\images\frame_00211_jpg.rf.f35b7f4e47f0cabae32e5fe5ec190555.jpg,train
datasets\train_on_2025_all\images\frame_00217_jpg.rf.42dc089fa08efbe67da4b8394c232be1.jpg,train
datasets\train_on_2025_all\images\frame_00217_jpg.rf.855fd97351dbb677f49e90a048062634.jpg,train
datasets\train_on_2025_all\images\frame_00218_jpg.rf.03c9bc09df7d6dabb8405d1bba24f43a.jpg,train
datasets\train_on_2025_all\images\frame_00220_jpg.rf.c3b881a0a7ebd249c8b1c6cff6e16981.jpg,train
datasets\train_on_2025_all\images\frame_00226_jpg.rf.7e99009c299e642848fdc908a0c226fb.jpg,train
datasets\train_on_2025_all\images\frame_00226_jpg.rf.d631ed0f16b9d8b64aa5f259ab812830.jpg,train
datasets\train_on_2025_all\images\frame_00231_jpg.rf.e23665b35c96dd5bbb695592bf8cc084.jpg,train
datasets\train_on_2025_all\images\GX010664_MP4-0024_jpg.rf.343b867058aa19586833dd1782bd9067.jpg,train
datasets\train_on_2025_all\images\GX010664_MP4-0026_jpg.rf.72686199d71f048028cc2b58bac6d3fe.jpg,train
datasets\train_on_2025_all\images\GX010664_MP4-0027_jpg.rf.724cfb36346fcec21e99e36b8e08f511.jpg,train
datasets\train_on_2025_all\images\GX010664_MP4-0032_jpg.rf.a8877cdfee4c798fbe588a0db2605316.jpg,train
datasets\train_on_2025_all\images\GX010664_MP4-0032_jpg.rf.d0856926542c08aade4ff77cddeb1779.jpg,train
datasets\train_on_2025_all\images\GX010664_MP4-0037_jpg.rf.83bdfea8ef24d8cd9aa86aa7ac828ca8.jpg,train
datasets\train_on_2025_all\images\GX010664_MP4-0038_jpg.rf.5e8711161789d29abea90f11ff701c7d.jpg,train
datasets\train_on_2025_all\images\GX010664_MP4-0038_jpg.rf.947f69b61906f0f63df04c2183a91934.jpg,train
datasets\train_on_2025_all\images\GX010664_MP4-0040_jpg.rf.b53ac30df8e666b382ca82a0bb4b2b9f.jpg,train
datasets\train_on_2025_all\images\GX010664_MP4-0043_jpg.rf.9b3a06a280ba259fb528212d40bae4b0.jpg,train
datasets\train_on_2025_all\images\GX010664_MP4-0045_jpg.rf.c8d739d56ac4a183c4486d25701b5e9c.jpg,train
datasets\train_on_2025_all\images\GX010664_MP4-0051_jpg.rf.b65fa5bea1d4ae9e374f95dacf7ca111.jpg,train
datasets\train_on_2025_all\images\GX010664_MP4-0052_jpg.rf.b9eb3e34c346142c1d192b9e2ca70e54.jpg,train
datasets\train_on_2025_all\images\GX010664_MP4-0055_jpg.rf.222df2148263a7e2e2ef3f1c6f2530bf.jpg,train
datasets\train_on_2025_all\images\GX010664_MP4-0056_jpg.rf.591700068f32ac64bd854ea0e00d5f22.jpg,train
datasets\train_on_2025_all\images\GX010664_MP4-0057_jpg.rf.c7142a19c77945658599dc06f8251c86.jpg,train
datasets\train_on_2025_all\images\GX010664_MP4-0062_jpg.rf.b3ed78c3614972a9e9e3345d6c54656a.jpg,train
datasets\train_on_2025_all\images\GX010664_MP4-0072_jpg.rf.03bb667b6766896dbc8ee38fc8495027.jpg,train
datasets\train_on_2025_all\images\GX010664_MP4-0072_jpg.rf.9b374a8e461b3b3e1de4c892f80cda2c.jpg,train
datasets\train_on_2025_all\images\GX010664_MP4-0074_jpg.rf.d83028a9c3a2f3d88bf21760739b6758.jpg,train
datasets\train_on_2025_all\images\GX010664_MP4-0077_jpg.rf.89cb082eeba859040c35896027435f96.jpg,train
datasets\train_on_2025_all\images\GX010664_MP4-0078_jpg.rf.8ec398bb8df49178b586f2af43d95a39.jpg,train
datasets\train_on_2025_all\images\GX010664_MP4-0080_jpg.rf.e515fc58277e25d898cd13491eaf7250.jpg,train
datasets\train_on_2025_all\images\GX010664_MP4-0082_jpg.rf.1394a9e90b332aeb578d219931fb0830.jpg,train
datasets\train_on_2025_all\images\GX010664_MP4-0083_jpg.rf.0c846dcfc99e20e365f3929017a59fe1.jpg,train
datasets\train_on_2025_all\images\GX010664_MP4-0084_jpg.rf.bdb52f2d6cd46ec2565cbcecb75686db.jpg,train
datasets\train_on_2025_all\images\GX010664_MP4-0087_jpg.rf.5542af5054305e406314ff33fa2a40f1.jpg,train
datasets\train_on_2025_all\images\GX010664_MP4-0088_jpg.rf.494240a03bcd25f6257a187bd8c836b2.jpg,train
datasets\train_on_2025_all\images\GX010664_MP4-0097_jpg.rf.4103e3b90cbbadd996a4ab1247c57bc9.jpg,train
datasets\train_on_2025_all\images\GX010664_MP4-0099_jpg.rf.1c9eadfbdf7290ec6e815c0799ed4788.jpg,train
datasets\train_on_2025_all\images\GX010664_MP4-0099_jpg.rf.391b5df9ba0ed8c4305f072faafdad86.jpg,train
datasets\train_on_2025_all\images\GX010664_MP4-0102_jpg.rf.4e872ee064e022d68a14ea8a3ea13b61.jpg,train
datasets\train_on_2025_all\images\GX010665_MP4-0021_jpg.rf.342f2f770b83c6e0a4ccc9a380ce386e.jpg,train
datasets\train_on_2025_all\images\GX010665_MP4-0021_jpg.rf.ed4fda92ba0f117676c2622240fd5566.jpg,train
datasets\train_on_2025_all\images\GX010665_MP4-0023_jpg.rf.99e1944223240057a64b80a8bb7f6a00.jpg,train
datasets\train_on_2025_all\images\GX010665_MP4-0027_jpg.rf.4af315f4a69d88a7e1293f0e3e3b8ce3.jpg,train
datasets\train_on_2025_all\images\GX010665_MP4-0058_jpg.rf.5c0564a8e5c285db8301e4375735d605.jpg,train
datasets\train_on_2025_all\images\GX010665_MP4-0059_jpg.rf.652743b7c7226586b990fff2e5c35910.jpg,train
datasets\train_on_2025_all\images\GX010665_MP4-0063_jpg.rf.8ac064a506ea4352918498ba66d69e4d.jpg,train
datasets\train_on_2025_all\images\GX010665_MP4-0063_jpg.rf.ba6d0da80d0ef0bf1ceb5037a7c238e0.jpg,train
datasets\train_on_2025_all\images\GX010665_MP4-0087_jpg.rf.37bea2f8fc3b279ccf0bce6b34bdc596.jpg,train
datasets\train_on_2025_all\images\GX010665_MP4-0088_jpg.rf.5c525a0fc26c71dca5cd32c19f9a319b.jpg,train
datasets\train_on_2025_all\images\GX010665_MP4-0089_jpg.rf.d7f24a0cae1be4eb04ece415de777176.jpg,train
datasets\train_on_2025_all\images\GX010665_MP4-0090_jpg.rf.7706e729cb1e2db1425209a5fb2de190.jpg,train
datasets\train_on_2025_all\images\GX010665_MP4-0102_jpg.rf.0c7b5292bdb66b878c54eab0351b850f.jpg,train
datasets\train_on_2025_all\images\GX010665_MP4-0108_jpg.rf.92e00390db4cf64817d5a3e2ab2aab8c.jpg,train
datasets\train_on_2025_all\images\GX010665_MP4-0109_jpg.rf.10e147497451b184414be771b6fc6a5a.jpg,train
datasets\train_on_2025_all\images\GX010665_MP4-0109_jpg.rf.9fd1499c70b70ecb0127c12a30e67a11.jpg,train
datasets\train_on_2025_all\images\GX010665_MP4-0111_jpg.rf.28c370a4586765748f423bf5292aa213.jpg,train
datasets\train_on_2025_all\images\GX010665_MP4-0113_jpg.rf.8c61e44efffcfbab81d3d4f641461bc2.jpg,train
datasets\train_on_2025_all\images\GX010665_MP4-0115_jpg.rf.ace7d22ef4e2022b8d9960e510b6b6f4.jpg,train
datasets\train_on_2025_all\images\GX010665_MP4-0130_jpg.rf.c54d5a5ce439730f8c81c29ac54a8bfb.jpg,train
datasets\train_on_2025_all\images\GX010665_MP4-0134_jpg.rf.22645c83f16ad0fab3c00559ae4ce7a0.jpg,train
datasets\train_on_2025_all\images\GX010665_MP4-0136_jpg.rf.e899d5e6870e48c20ce0c8a8c6b85670.jpg,train
datasets\train_on_2025_all\images\GX010665_MP4-0137_jpg.rf.bcc0d3167caa3008c5ab41d497a755fd.jpg,train
datasets\train_on_2025_all\images\GX010665_MP4-0138_jpg.rf.63237006cb17000814f72133f9ca3ac2.jpg,train
datasets\train_on_2025_all\images\GX010665_MP4-0139_jpg.rf.0fd45edf056321c1c65b8771e9efeb4e.jpg,train
datasets\train_on_2025_all\images\GX010665_MP4-0140_jpg.rf.1c49b7421381dbf1464c265c901be303.jpg,train
datasets\train_on_2025_all\images\GX010665_MP4-0152_jpg.rf.e779f0db5f1587c44a3b4f0b7ff0214a.jpg,train
datasets\train_on_2025_all\images\GX010665_MP4-0152_jpg.rf.f4b4ecb7871c7f27ed499fd20a420e03.jpg,train
datasets\train_on_2025_all\images\GX010665_MP4-0171_jpg.rf.aa668009e06093c7f5b679fa928ee84b.jpg,train
datasets\train_on_2025_all\images\GX010665_MP4-0190_jpg.rf.fbac7ff1462b35a537b12d5fcf9657f9.jpg,train
datasets\train_on_2025_all\images\GX010665_MP4-0193_jpg.rf.3882d4c5ba00f711e6f1712d42469373.jpg,train
datasets\train_on_2025_all\images\GX010665_MP4-0193_jpg.rf.de34a33540e2e12f2e00011ec7378a7c.jpg,train
datasets\train_on_2025_all\images\GX010665_MP4-0194_jpg.rf.97663c03bb5d064c0d5056360c61b70e.jpg,train
datasets\train_on_2025_all\images\GX010665_MP4-0195_jpg.rf.6e107406793506e41197be6544d089e4.jpg,train
datasets\train_on_2025_all\images\GX010665_MP4-0196_jpg.rf.8b718b6b622f0db8841c6674076b55fc.jpg,train
datasets\train_on_2025_all\images\GX010665_MP4-0197_jpg.rf.c960b99bafb694e685ef3b433603d2c2.jpg,train
datasets\train_on_2025_all\images\GX010665_MP4-0199_jpg.rf.f57dff5dc4bfee11ae0a6517c4bab2f5.jpg,train
datasets\train_on_2025_all\images\GX010665_MP4-0201_jpg.rf.4bb48434db94d3142539798668fc230d.jpg,train
datasets\train_on_2025_all\images\GX010665_MP4-0204_jpg.rf.3cca15736b52fb746c93926dd06028a1.jpg,train
datasets\train_on_2025_all\images\GX010665_MP4-0206_jpg.rf.c60a8c2a59c20a76d85a19f6c6104e52.jpg,train
datasets\train_on_2025_all\images\GX010665_MP4-0207_jpg.rf.c0075c9f80086f1e13480e56e823c192.jpg,train
datasets\train_on_2025_all\images\GX010665_MP4-0217_jpg.rf.368f015f501164054a4d9ab7714e14fe.jpg,train
datasets\train_on_2025_all\images\GX010665_MP4-0218_jpg.rf.975123a65af100a5dd8a4edec284cf5b.jpg,train
datasets\train_on_2025_all\images\GX010665_MP4-0237_jpg.rf.15580b6220ee0cce9ed89f87355c4990.jpg,train
datasets\train_on_2025_all\images\GX010665_MP4-0237_jpg.rf.69bb495fb6acd49f14018854256d022b.jpg,train
datasets\train_on_2025_all\images\GX010665_MP4-0240_jpg.rf.16f9723f81df2760ba2a16ceb956d37b.jpg,train
datasets\train_on_2025_all\images\GX010665_MP4-0242_jpg.rf.099af0609506b84cfe8ceb0ce03e5fea.jpg,train
datasets\train_on_2025_all\images\GX010665_MP4-0242_jpg.rf.b4adee5c9be57bda728e778236ac67bd.jpg,train
datasets\train_on_2025_all\images\GX010665_MP4-0243_jpg.rf.6eeebe6de543a1eb5dfd1a3b75fd5d0f.jpg,train
datasets\train_on_2025_all\images\GX010665_MP4-0246_jpg.rf.4dfca76c8ef3869a9479f3df9a588ce0.jpg,train
datasets\train_on_2025_all\images\GX010665_MP4-0246_jpg.rf.eb9b336b7cc4fcf9b32cc3c0cbda200d.jpg,train
datasets\train_on_2025_all\images\GX010665_MP4-0248_jpg.rf.55df4a04ef0f2b4a5d302dba58d64de5.jpg,train
datasets\train_on_2025_all\images\GX010665_MP4-0251_jpg.rf.b77145cd89f0ac3af0e439bc1610f228.jpg,train
datasets\train_on_2025_all\images\GX010665_MP4-0255_jpg.rf.bcb6b956a37b320736bfefbd4f123eb3.jpg,train
datasets\train_on_2025_all\images\GX010665_MP4-0257_jpg.rf.eb06aa824ce215d2875cc4c36de4a219.jpg,train
datasets\train_on_2025_all\images\GX010665_MP4-0258_jpg.rf.ad9be34e75f45267d7e7ce4d1e4477c1.jpg,train
datasets\train_on_2025_all\images\GX010665_MP4-0273_jpg.rf.5eef8c20f21de228d03ccb06e654c9aa.jpg,train
datasets\train_on_2025_all\images\GX010666_MP4-0005_jpg.rf.f632922abcd5f0ef2996ee23caa8f24a.jpg,train
datasets\train_on_2025_all\images\GX010666_MP4-0007_jpg.rf.07f9150a3eea3dc150887e7005747e21.jpg,train
datasets\train_on_2025_all\images\GX010666_MP4-0009_jpg.rf.107f19eb9ccded2179fb921e1db07964.jpg,train
datasets\train_on_2025_all\images\GX010666_MP4-0010_jpg.rf.2a7f11fccb666a70c086e1b061e18b32.jpg,train
datasets\train_on_2025_all\images\GX010666_MP4-0016_jpg.rf.efee1c476928cd2f83d58aeaf2829c4b.jpg,train
datasets\train_on_2025_all\images\GX010666_MP4-0024_jpg.rf.51fb474a33f0d38e9df83cc997d1e071.jpg,train
datasets\train_on_2025_all\images\GX010666_MP4-0025_jpg.rf.ae0fbb4bbfc858fb4849fee0deecad5f.jpg,train
datasets\train_on_2025_all\images\GX010666_MP4-0045_jpg.rf.93e3835ebda75f6e407a8dbbce6139a4.jpg,train
datasets\train_on_2025_all\images\GX010666_MP4-0045_jpg.rf.9dd6103a217a7bb8d9f04d3881890a9e.jpg,train
datasets\train_on_2025_all\images\GX010666_MP4-0062_jpg.rf.80601f24b4ab955914311dc6270bf95a.jpg,train
datasets\train_on_2025_all\images\GX010666_MP4-0088_jpg.rf.0a70f0082a62ca640283c2aae507b54e.jpg,train
datasets\train_on_2025_all\images\GX010666_MP4-0091_jpg.rf.84c907624e97546e739cbf56271da155.jpg,train
datasets\train_on_2025_all\images\GX010666_MP4-0093_jpg.rf.a7469f3430afb849ce370a623c2f9968.jpg,train
datasets\train_on_2025_all\images\GX010666_MP4-0101_jpg.rf.25c3654462a1f7064bd6fa2e85241e89.jpg,train
datasets\train_on_2025_all\images\GX010666_MP4-0121_jpg.rf.3ede5e9ac6aab1801c87ab28d5a01adc.jpg,train
datasets\train_on_2025_all\images\GX010666_MP4-0121_jpg.rf.a91deb030dee381b2dd09ffdc4246fe2.jpg,train
datasets\train_on_2025_all\images\GX010666_MP4-0126_jpg.rf.30f96019850c0c2e4efc0317b535a06a.jpg,train
datasets\train_on_2025_all\images\GX010666_MP4-0134_jpg.rf.a1711a5d41b756706b44a35aa6c481ef.jpg,train
datasets\train_on_2025_all\images\GX010666_MP4-0135_jpg.rf.d0c739674d8cfdcf5c5be8f6af0a7b4c.jpg,train
datasets\train_on_2025_all\images\GX010666_MP4-0138_jpg.rf.e2f34b34fb888e564d8ce0bdb7ac4c80.jpg,train
datasets\train_on_2025_all\images\GX010666_MP4-0139_jpg.rf.dcf90250b497ab299407200695d3e07d.jpg,train
datasets\train_on_2025_all\images\GX010666_MP4-0141_jpg.rf.d9e04f06325b708f4e9db8c24be4df7b.jpg,train
datasets\train_on_2025_all\images\GX010666_MP4-0143_jpg.rf.3b3714e69fadc3c1f526d86a9a73ac0b.jpg,train
datasets\train_on_2025_all\images\GX010666_MP4-0148_jpg.rf.6a9de4138517425a8d338d5a0a633209.jpg,train
datasets\train_on_2025_all\images\GX010666_MP4-0148_jpg.rf.badcafbe5ee4b71bac4cba467275afe2.jpg,train
datasets\train_on_2025_all\images\GX010666_MP4-0157_jpg.rf.70bd22376696a85b8cbfead72f39979e.jpg,train
datasets\train_on_2025_all\images\GX010666_MP4-0157_jpg.rf.d1a19ca91e20e33c86bc426ab58b9b6a.jpg,train
datasets\train_on_2025_all\images\GX010666_MP4-0158_jpg.rf.e82669177433c044c4ec364bb1ca64dd.jpg,train
datasets\train_on_2025_all\images\GX010666_MP4-0160_jpg.rf.b14b92aec6afef7442c79fcd11b79d6b.jpg,train
datasets\train_on_2025_all\images\GX010666_MP4-0161_jpg.rf.aacd6c329fdea796a7631a9f86f20c50.jpg,train
datasets\train_on_2025_all\images\GX010666_MP4-0162_jpg.rf.86dc7ca5f56570b58f6038bec9f4ad20.jpg,train
datasets\train_on_2025_all\images\GX010666_MP4-0164_jpg.rf.a179827a07d2d7e474cb55e645948295.jpg,train
datasets\train_on_2025_all\images\GX010666_MP4-0167_jpg.rf.14be7df8428d866d01cbac2b31827e58.jpg,train
datasets\train_on_2025_all\images\GX010666_MP4-0178_jpg.rf.d3ed4cacc4b5e9b3b8dd7df61bd783b1.jpg,train
datasets\train_on_2025_all\images\GX010666_MP4-0181_jpg.rf.827bdda7c9926d29e700ea6a777b0928.jpg,train
datasets\train_on_2025_all\images\GX010666_MP4-0182_jpg.rf.588dbf4cfd7db242b47f3d6ec0e111ab.jpg,train
datasets\train_on_2025_all\images\GX010666_MP4-0182_jpg.rf.8baf7fe782c37fbb5fb614c5cfd6d8e9.jpg,train
datasets\train_on_2025_all\images\GX010666_MP4-0183_jpg.rf.3acf3fe42086ba1daa4e43a105fad83c.jpg,train
datasets\train_on_2025_all\images\GX010666_MP4-0187_jpg.rf.d6c50be8e4a785add1232b37699f08c3.jpg,train
datasets\train_on_2025_all\images\GX010666_MP4-0188_jpg.rf.1c27bd10244da70c4aeda03c725c1573.jpg,train
datasets\train_on_2025_all\images\GX010666_MP4-0189_jpg.rf.0c267404cce0f03350b195f1c90f1bfe.jpg,train
datasets\train_on_2025_all\images\GX010666_MP4-0193_jpg.rf.5c17f224fe9877bf01f9129f645dfd97.jpg,train
datasets\train_on_2025_all\images\GX010666_MP4-0196_jpg.rf.531e2e0e72650d9bbcd215a29aa2b311.jpg,train
datasets\train_on_2025_all\images\GX010666_MP4-0198_jpg.rf.b011c265ff56895e5c19ae7c9f252019.jpg,train
datasets\train_on_2025_all\images\GX010666_MP4-0200_jpg.rf.c3a9e9170c77a8dcb74e165d528ef0c2.jpg,train
datasets\train_on_2025_all\images\GX010666_MP4-0202_jpg.rf.05c4a3388dd2b03169c95664046b051a.jpg,train
datasets\train_on_2025_all\images\GX010666_MP4-0202_jpg.rf.0f34f63cbc64f1c4102ef818fbb1a577.jpg,train
datasets\train_on_2025_all\images\GX010666_MP4-0203_jpg.rf.c8720c4d742e6f04e580e268f8fd6880.jpg,train
datasets\train_on_2025_all\images\GX010666_MP4-0204_jpg.rf.416f1c54aae4d9e56baa12a695c91656.jpg,train
datasets\train_on_2025_all\images\GX010666_MP4-0205_jpg.rf.535948819d54267c35bc97fc5eeee964.jpg,train
datasets\train_on_2025_all\images\GX010666_MP4-0206_jpg.rf.cba51445898514391cea0cb662b0dfaa.jpg,train
datasets\train_on_2025_all\images\GX010666_MP4-0208_jpg.rf.63c4ab67d152de95669dcf8813e98940.jpg,train
datasets\train_on_2025_all\images\GX010666_MP4-0208_jpg.rf.b1a2e910432d763441e0dfd2be0ad3ee.jpg,train
datasets\train_on_2025_all\images\GX010666_MP4-0209_jpg.rf.f5dda281d1750c5925f7b171a141fa47.jpg,train
datasets\train_on_2025_all\images\GX010666_MP4-0210_jpg.rf.2a8538dd18b6e5de821fa0588e54d7cd.jpg,train
datasets\train_on_2025_all\images\GX010666_MP4-0211_jpg.rf.14406d7adaf035157c3cde1b71cf9644.jpg,train
datasets\train_on_2025_all\images\GX010666_MP4-0214_jpg.rf.ddd844e8752a00af32758e4abfe25dc6.jpg,train
datasets\train_on_2025_all\images\GX010666_MP4-0215_jpg.rf.09fa113ca5ec8cc003b83014d06dd112.jpg,train
datasets\train_on_2025_all\images\GX010666_MP4-0219_jpg.rf.8d1f00e84b096903c479ca934df28d3b.jpg,train
datasets\train_on_2025_all\images\GX010666_MP4-0223_jpg.rf.a9a0b71e6a3ee7ff6187dbb23927d430.jpg,train
datasets\train_on_2025_all\images\GX010666_MP4-0238_jpg.rf.f55f799b86a0c4e1108f75d59968c853.jpg,train
datasets\train_on_2025_all\images\GX010666_MP4-0239_jpg.rf.901dfedecf6861e054646134ebd518fc.jpg,train
datasets\train_on_2025_all\images\GX010666_MP4-0240_jpg.rf.4381ab9b93fd492910f3cc1271da97c1.jpg,train
datasets\train_on_2025_all\images\GX010666_MP4-0242_jpg.rf.c78a4c588922f20b487b5e1713827d17.jpg,train
datasets\train_on_2025_all\images\GX010666_MP4-0243_jpg.rf.373368c29a5a8c0855dbba72cb6e2a2c.jpg,train
datasets\train_on_2025_all\images\GX010666_MP4-0243_jpg.rf.f16abb25a1d389b7090c5d682eebc510.jpg,train
datasets\train_on_2025_all\images\GX010666_MP4-0247_jpg.rf.23ab8a02e173d3d91b3a35158c52de5b.jpg,train
datasets\train_on_2025_all\images\GX010666_MP4-0251_jpg.rf.7fa46dfc7b1cb6e6d44621594eed4eba.jpg,train
datasets\train_on_2025_all\images\GX010666_MP4-0251_jpg.rf.95d61e551c54bfd400be370dbfc114fc.jpg,train
datasets\train_on_2025_all\images\GX010666_MP4-0253_jpg.rf.5530ab205385b4495a23ced845cafa81.jpg,train
datasets\train_on_2025_all\images\GX010666_MP4-0257_jpg.rf.fd8ea6106f8bb72e4b375e27014b3db3.jpg,train
datasets\train_on_2025_all\images\GX010666_MP4-0258_jpg.rf.fa2bb31a9d500dd5517ffbf65277c2fe.jpg,train
datasets\train_on_2025_all\images\GX010666_MP4-0259_jpg.rf.b35daf3075eb23a5ee1bec3e101dde2b.jpg,train
datasets\train_on_2025_all\images\GX010666_MP4-0262_jpg.rf.1a748f3725ff6d37f2c3e62ef85441d3.jpg,train
datasets\train_on_2025_all\images\GX010666_MP4-0282_jpg.rf.6f6b4eabdf6c36c15d9f50db6559e724.jpg,train
datasets\train_on_2025_all\images\GX010666_MP4-0283_jpg.rf.ab26b4198daea1f5ebc1ed411cfc8b65.jpg,train
datasets\train_on_2025_all\images\GX010666_MP4-0285_jpg.rf.3d3c939c2a409e50015f68c9fab4d2ab.jpg,train
datasets\train_on_2025_all\images\GX010666_MP4-0285_jpg.rf.611bfb302335feaa82207dfa61b9441b.jpg,train
datasets\train_on_2025_all\images\GX010666_MP4-0287_jpg.rf.58a25fedd9743b99b7d5c559cd159018.jpg,train
datasets\train_on_2025_all\images\GX010666_MP4-0289_jpg.rf.de4ebda1fbb691af5aaed9cfd2f8b50a.jpg,train
datasets\train_on_2025_all\images\GX010666_MP4-0298_jpg.rf.a575105b8613a93e00a448d05db09720.jpg,train
datasets\train_on_2025_all\images\GX010666_MP4-0300_jpg.rf.a62d07d669a06e36ef4cda2e26293e1b.jpg,train
datasets\train_on_2025_all\images\GX010666_MP4-0300_jpg.rf.e03031aaf73217325382256572c1f6fc.jpg,train
datasets\train_on_2025_all\images\GX010666_MP4-0301_jpg.rf.c5a72c0c597cb53e742d725765181165.jpg,train
datasets\train_on_2025_all\images\GX010666_MP4-0302_jpg.rf.fe91c308598096d2c5068267830d41ab.jpg,train
datasets\train_on_2025_all\images\GX010666_MP4-0309_jpg.rf.84646b315ebed512e500219ee6e561cd.jpg,train
datasets\train_on_2025_all\images\GX010666_MP4-0311_jpg.rf.50115e02613ad286adc25371b9618b30.jpg,train
datasets\train_on_2025_all\images\GX010666_MP4-0317_jpg.rf.12510ee19fa93a8679df3a3d793fd13d.jpg,train
datasets\train_on_2025_all\images\GX010666_MP4-0318_jpg.rf.47803a7d9adf183bd1a83d34abbc7475.jpg,train
datasets\train_on_2025_all\images\GX010666_MP4-0331_jpg.rf.1233d1e0e8af3d19563a00b3f225f920.jpg,train
datasets\train_on_2025_all\images\GX010666_MP4-0331_jpg.rf.12b1225fae81698b2d345fb9b90ca86c.jpg,train
datasets\train_on_2025_all\images\GX010666_MP4-0335_jpg.rf.3a2df5f570fbd04ab6744b17bf6f2716.jpg,train
datasets\train_on_2025_all\images\GX010666_MP4-0336_jpg.rf.16dd18bb6b71e6bf8b7ecff86f1709dd.jpg,train
datasets\train_on_2025_all\images\GX010667_MP4-0009_jpg.rf.be62cedd2851a4ee09e90a9c206fcbb6.jpg,train
datasets\train_on_2025_all\images\GX010667_MP4-0011_jpg.rf.4fc042af0c638e65b411b64cdf306110.jpg,train
datasets\train_on_2025_all\images\GX010667_MP4-0011_jpg.rf.9d1b9718e0e09a46f3ec366270f314f0.jpg,train
datasets\train_on_2025_all\images\GX010667_MP4-0014_jpg.rf.524b32a6f2e88b9cbaa1fa4876c68c61.jpg,train
datasets\train_on_2025_all\images\GX010667_MP4-0019_jpg.rf.1274dbd03aff9f492ff0f8962920b567.jpg,train
datasets\train_on_2025_all\images\GX010667_MP4-0019_jpg.rf.afdd20519d3151812172c412e7565c5c.jpg,train
datasets\train_on_2025_all\images\GX010667_MP4-0021_jpg.rf.c25aeccd0fd354b5a14cef61f4cc6788.jpg,train
datasets\train_on_2025_all\images\GX010667_MP4-0029_jpg.rf.51387df2dbc16688e5eb2869c7eb7fa7.jpg,train
datasets\train_on_2025_all\images\GX010667_MP4-0030_jpg.rf.ace180d128b42f8d2a3a82cae718b306.jpg,train
datasets\train_on_2025_all\images\GX010667_MP4-0031_jpg.rf.1dfd53e7cd8f7a21f6f0aef52ede9984.jpg,train
datasets\train_on_2025_all\images\GX010667_MP4-0033_jpg.rf.108aae399f3d12aa628c9e87b7ae2d64.jpg,train
datasets\train_on_2025_all\images\GX010667_MP4-0033_jpg.rf.4ff3b9f2e18e6e98dc5fcffbcda70eee.jpg,train
datasets\train_on_2025_all\images\GX010667_MP4-0041_jpg.rf.ac2c58d68872ce3e5bfc1f32a29f0533.jpg,train
datasets\train_on_2025_all\images\GX010667_MP4-0044_jpg.rf.2232efe2174e7781f06f88975723f7d5.jpg,train
datasets\train_on_2025_all\images\GX010668_MP4-0008_jpg.rf.a6a489c56ce85cfa0bbfadc8aacaf631.jpg,train
datasets\train_on_2025_all\images\GX010668_MP4-0010_jpg.rf.cd0d6360663ee505ad23b6789e941256.jpg,train
datasets\train_on_2025_all\images\GX010668_MP4-0011_jpg.rf.4b70994872514a31e1a39521bca354c0.jpg,train
datasets\train_on_2025_all\images\GX010668_MP4-0026_jpg.rf.0272e54256752302a70b4b2a83327529.jpg,train
datasets\train_on_2025_all\images\GX010668_MP4-0026_jpg.rf.995730358b9576ab45d9b1b3a2d34685.jpg,train
datasets\train_on_2025_all\images\GX010668_MP4-0027_jpg.rf.96ab80e7cdfd27db21cc70924d7ebe22.jpg,train
datasets\train_on_2025_all\images\GX010668_MP4-0029_jpg.rf.3396c045a0d00460f4711530d9f4b00e.jpg,train
datasets\train_on_2025_all\images\GX010668_MP4-0029_jpg.rf.a7f955d3a8af8ecd50b5eb56c8a2221e.jpg,train
datasets\train_on_2025_all\images\GX010668_MP4-0031_jpg.rf.48707dd97b07f90ffc4182e9465f88cd.jpg,train
datasets\train_on_2025_all\images\GX010668_MP4-0031_jpg.rf.8cb6d88e16db7eb68ae56c309976a2fd.jpg,train
datasets\train_on_2025_all\images\GX010668_MP4-0032_jpg.rf.75559e89908fca7f6ff18746f2bfd3e6.jpg,train
datasets\train_on_2025_all\images\GX010668_MP4-0036_jpg.rf.112d4ad82a4f29f5f41471b4d291522c.jpg,train
datasets\train_on_2025_all\images\GX010668_MP4-0039_jpg.rf.9854f682c056e2bdeb7beacbc3098895.jpg,train
datasets\train_on_2025_all\images\GX010668_MP4-0042_jpg.rf.7a8ec4846b09c60b68735ac6f88a9f73.jpg,train
datasets\train_on_2025_all\images\GX010668_MP4-0043_jpg.rf.7d2fa3c8f1164c0b4f505eb6b0c582a5.jpg,train
datasets\train_on_2025_all\images\GX010668_MP4-0044_jpg.rf.c785095c25da94657ed954d7f2efea35.jpg,train
datasets\train_on_2025_all\images\GX010668_MP4-0044_jpg.rf.d861e37d767ab8c44714b949e7516e04.jpg,train
datasets\train_on_2025_all\images\GX010668_MP4-0046_jpg.rf.33b78a8a1afa9ed88fb72f538ff2138c.jpg,train
datasets\train_on_2025_all\images\GX010668_MP4-0048_jpg.rf.809bba437ca3556388135b67ddb0aec1.jpg,train
