image_name,basename,distance_to_2024_centroid,nearest_neighbor_distance,MAE_image,detection_success,MAE_total,MAE_carapace
GL010350_00025_gamma.jpg,GL010350_00025_gamma.jpg,0.8094780716034355,0.7129209447540539,2.7206693070663555,1,2.054528828640912,3.386809785491799
GL010350_00063_gamma.jpg,GL010350_00063_gamma.jpg,0.7983346317312319,0.687766055416562,3.437504985360759,1,4.930569302575307,1.9444406681462103
GL010350_00068_gamma.jpg,GL010350_00068_gamma.jpg,0.8189672111372517,0.6410454357509194,6.533399090619726,1,8.635082689610364,4.431715491629088
GX010276_00019_gamma.jpg,GX010276_00019_gamma.jpg,0.7801459965808715,0.6611713762167623,2.906873541144614,1,3.7404496724103056,2.073297409878923
GX010276_00021_gamma.jpg,GX010276_00021_gamma.jpg,0.7950331285873957,0.6659569779938044,1.465566440526486,1,1.8461987231178612,1.0849341579351113
GX010276_00022_gamma.jpg,GX010276_00022_gamma.jpg,0.8386173364360171,0.6867271359957505,2.6611567373739837,1,2.1061446684145118,3.2161688063334557
GX010276_00033_gamma.jpg,GX010276_00033_gamma.jpg,0.7962936636748342,0.589503013112881,5.135120638249547,1,7.868428092913817,2.4018131835852774
GX010276_00036_gamma.jpg,GX010276_00036_gamma.jpg,0.7777408344387111,0.7451298074212219,3.030347811851839,1,4.22808214066329,1.8326134830403884
GX010276_00040_gamma.jpg,GX010276_00040_gamma.jpg,0.7947035968700369,0.6897389376248576,2.934018700932003,1,4.257820737144353,1.610216664719653
GX010276_00118_gamma.jpg,GX010276_00118_gamma.jpg,0.7778399634505643,0.6333902215035874,2.2760568044866663,1,2.9307994955103567,1.6213141134629758
GX010276_00119_gamma.jpg,GX010276_00119_gamma.jpg,0.814943412264444,0.6296127281997866,5.502582864557782,1,6.374634172133341,4.6305315569822225
GX010276_00120_gamma.jpg,GX010276_00120_gamma.jpg,0.8076421848810376,0.7412941629830259,4.037183613288633,1,4.833183680100465,3.241183546476802
GX010276_00121_gamma.jpg,GX010276_00121_gamma.jpg,0.7922535108229808,0.7061301774611465,1.9822123944574592,1,3.422031176505886,0.5423936124090325
GX010276_00122_gamma.jpg,GX010276_00122_gamma.jpg,0.7662201398090076,0.6995228332671943,0.2453055726666893,1,0.2630349206185514,0.2275762247148272
GX010276_00144_gamma.jpg,GX010276_00144_gamma.jpg,0.7246025353509009,0.7475572090517497,1.6141698056242788,1,2.68300167782656,0.5453379334219974
GX010276_00145_gamma.jpg,GX010276_00145_gamma.jpg,0.6979378414785743,0.7339063418369529,2.632950045604044,1,4.87820586488079,0.387694226327298
GX010276_00146_gamma.jpg,GX010276_00146_gamma.jpg,0.77956462379911,0.6516088290443018,1.535102676970915,1,0.8541567799244092,2.216048574017421
GX010276_00147_gamma.jpg,GX010276_00147_gamma.jpg,0.747438066682041,0.6442998155746608,2.880804910095269,1,3.9831077780995088,1.778502042091029
GX010276_00148_gamma.jpg,GX010276_00148_gamma.jpg,0.7460980924203572,0.6559345834205842,3.2902550372272517,1,3.2040601686007335,3.37644990585377
GX010276_00149_gamma.jpg,GX010276_00149_gamma.jpg,0.7737073887434024,0.6615640835824574,2.317200188053765,1,2.7966521169206615,1.8377482591868688
GX010276_00164_gamma.jpg,GX010276_00164_gamma.jpg,0.7677986419454327,0.6833308470134225,8.141737136685474,1,10.777496697333916,5.5059775760370355
GX010276_00165_gamma.jpg,GX010276_00165_gamma.jpg,0.7439402099311212,0.6782952315930102,1.2461762519660669,1,2.1738946744798895,0.31845782945224416
GX010276_00166_gamma.jpg,GX010276_00166_gamma.jpg,0.8057643361445158,0.5535686481562808,3.31119742546127,1,4.425248762811876,2.1971460881106646
GX010276_00167_gamma.jpg,GX010276_00167_gamma.jpg,0.8000263451595025,0.593665403340894,1.499832239791263,1,0.5346624156431901,2.4650020639393357
GX010276_00168_gamma.jpg,GX010276_00168_gamma.jpg,0.8285911324411488,0.619070779765929,1.894423348214441,1,3.0717372523556676,0.7171094440732144
GX010276_00169_gamma.jpg,GX010276_00169_gamma.jpg,0.8295556077678657,0.6020461023840847,2.047496636442718,1,1.6278774322338236,2.467115840651612
GX010276_00170_gamma.jpg,GX010276_00170_gamma.jpg,0.7708412430383808,0.6814547023611705,1.9480254927964986,1,3.284416269901797,0.6116347156912001
GX010276_00191_gamma.jpg,GX010276_00191_gamma.jpg,0.6390787400424504,0.7068096444113539,1.8049227315217227,1,3.3453002911923164,0.2645451718511289
GX010276_00192_gamma.jpg,GX010276_00192_gamma.jpg,0.7811548995100273,0.6135750256434519,5.775033188209246,1,8.750580758824057,2.799485617594436
GX010276_00193_gamma.jpg,GX010276_00193_gamma.jpg,0.7414419151768575,0.6565787199196856,4.396084951790115,1,6.846499250943197,1.945670652637033
GX010276_00194_gamma.jpg,GX010276_00194_gamma.jpg,0.7397654603904164,0.7101669091192753,2.604932748083705,1,1.4704755286479667,3.7393899675194433
GX010276_00195_gamma.jpg,GX010276_00195_gamma.jpg,0.9531943650639275,0.6647013241427229,3.0438068777047143,1,3.179617915896813,2.9079958395126155
GX010276_00196_gamma.jpg,GX010276_00196_gamma.jpg,0.8955220426150239,0.7308176800022664,4.171400494512211,1,7.338411579276837,1.004389409747585
GX010276_00197_gamma.jpg,GX010276_00197_gamma.jpg,0.8041297925417934,0.7974017055624254,4.185557964238372,1,4.4750869517423695,3.8960289767343745
GX010276_00198_gamma.jpg,GX010276_00198_gamma.jpg,0.733177304568688,0.7263820056521881,0.7718070496808807,1,0.4069183466399408,1.1366957527218204
GX010276_00209_gamma.jpg,GX010276_00209_gamma.jpg,0.733233515487952,0.7440658892459736,,0,,
GX010276_00210_gamma.jpg,GX010276_00210_gamma.jpg,0.9015325472320427,0.6727422760073631,1.4736650642166467,1,0.4500786330349626,2.4972514953983307
GX010276_00211_gamma.jpg,GX010276_00211_gamma.jpg,0.9525133714461022,0.61779251908875,3.9895844547935084,1,4.032320328609927,3.9468485809770897
GX010276_00212_gamma.jpg,GX010276_00212_gamma.jpg,0.8086225479683783,0.7939620360123322,7.448614133449993,1,10.488312645786516,4.40891562111347
GX010276_00213_gamma.jpg,GX010276_00213_gamma.jpg,0.7836138923021141,0.8086073825024062,3.539117722320692,1,5.905424810603879,1.1728106340375053
GX010276_00214_gamma.jpg,GX010276_00214_gamma.jpg,0.8254545148422793,0.7556404935496879,7.599203519985577,1,11.088624445513084,4.109782594458072
GX010276_00215_gamma.jpg,GX010276_00215_gamma.jpg,0.901874197378803,0.8715936704884759,2.4176802021241386,1,3.415592795255332,1.4197676089929452
GX010276_00216_gamma.jpg,GX010276_00216_gamma.jpg,0.9394784486447122,0.9538397382795065,4.936427834148099,1,8.660863389202973,1.2119922790932254
GX010276_00217_gamma.jpg,GX010276_00217_gamma.jpg,0.8695426486104917,0.8991469117176994,8.339661149670814,1,13.932514440228443,2.7468078591131846
GX010276_00218_gamma.jpg,GX010276_00218_gamma.jpg,0.9450501417415766,0.9440489446225446,4.816620288967471,1,9.226028537287156,0.407212040647785
GX010276_00219_gamma.jpg,GX010276_00219_gamma.jpg,0.7993910154419518,0.7668142173347683,0.13138316994245255,1,0.1686313682137523,0.0941349716711528
GX010276_00220_gamma.jpg,GX010276_00220_gamma.jpg,0.8493239738628318,0.6652571619708305,8.421766219425155,1,9.320761682148984,7.522770756701327
GX010276_00221_gamma.jpg,GX010276_00221_gamma.jpg,0.7790818043281703,0.7459879323543892,106.79445353470838,1,212.7114207832925,0.877486286124249
GX010276_00228_gamma.jpg,GX010276_00228_gamma.jpg,0.8084157601603418,0.6316935193124301,7.555460309095993,1,8.78350647145426,6.327414146737727
GX010276_00229_gamma.jpg,GX010276_00229_gamma.jpg,0.9482696540515689,0.6907613744483541,1.9902913858796918,1,1.9103127561756992,2.0702700155836844
GX010276_00230_gamma.jpg,GX010276_00230_gamma.jpg,0.860097583571332,0.6990422683094308,4.889988390098344,1,7.381303845842638,2.3986729343540496
GX010276_00231_gamma.jpg,GX010276_00231_gamma.jpg,0.78886765200178,0.7109993689056195,2.442700200914516,1,3.4182294365405674,1.4671709652884646
GX010276_00232_gamma.jpg,GX010276_00232_gamma.jpg,0.8257851640860429,0.7160681015105161,3.0786274630975714,1,4.0697061069675335,2.0875488192276093
GX010276_00233_gamma.jpg,GX010276_00233_gamma.jpg,0.8808787919338446,0.686825004713435,,0,,
GX010276_00235_gamma.jpg,GX010276_00235_gamma.jpg,0.7784618816522223,0.7570838712237341,3.1121126413900875,1,5.601089524984445,0.6231357577957297
GX010285_00003_gamma.jpg,GX010285_00003_gamma.jpg,0.8350074692430918,0.7215772161320506,6.151167952157909,1,10.69230630697496,1.6100295973408594
GX010285_00004_gamma.jpg,GX010285_00004_gamma.jpg,0.8485054643498932,0.7699647256343286,9.383358052592683,1,12.956257153638148,5.8104589515472185
GX010285_00005_gamma.jpg,GX010285_00005_gamma.jpg,0.8841544285996784,0.7095407000168619,5.502660004402297,1,7.518924004197196,3.486396004607398
GX010285_00007_gamma.jpg,GX010285_00007_gamma.jpg,0.9063403009616687,0.6921131279565482,3.6440674762323484,1,4.9911910155664785,2.2969439368982183
GX010285_00016_gamma.jpg,GX010285_00016_gamma.jpg,0.7984901465205514,0.7287602043160027,1.590432455816606,1,2.2552078492025807,0.9256570624306315
GX010285_00018_gamma.jpg,GX010285_00018_gamma.jpg,0.8517880819513155,0.8555546124021045,2.4535292333729366,1,3.944152289317657,0.9629061774282164
GX010285_00019_gamma.jpg,GX010285_00019_gamma.jpg,0.8836175735177255,0.7886880230426195,70.09583669063392,1,136.0995825344471,4.092090846820747
GX010285_00020_gamma.jpg,GX010285_00020_gamma.jpg,0.7862578647635974,0.7270541560289909,10.557408830726063,1,17.740672570361085,3.37414509109104
GX010285_00040_gamma.jpg,GX010285_00040_gamma.jpg,0.8664754669747772,0.80355203837406,4.617714157558954,1,8.397944787999073,0.8374835271188346
GX010285_00043_gamma.jpg,GX010285_00043_gamma.jpg,0.9100662886581656,0.8681974860100591,2.2026298789623366,1,2.885384969047159,1.5198747888775141
GX010285_00044_gamma.jpg,GX010285_00044_gamma.jpg,0.8162009740954418,0.7649261761447713,7.984593028831782,1,10.37928326909065,5.589902788572914
GX010285_00045_gamma.jpg,GX010285_00045_gamma.jpg,0.8141256044410247,0.8000556893245229,7.708377907727385,1,14.77699161876513,0.6397641966896401
GX010285_00046_gamma.jpg,GX010285_00046_gamma.jpg,0.7653349120684414,0.7271228573490395,1.5248249843866155,1,0.8989583622167174,2.1506916065565136
GX010285_00047_gamma.jpg,GX010285_00047_gamma.jpg,0.7996246661817407,0.8129023317154667,7.567749576862988,1,10.74908599905296,4.386413154673015
GX010285_00073_gamma.jpg,GX010285_00073_gamma.jpg,0.811788935654968,0.8346384840606771,4.299523703066871,1,4.460247538786668,4.138799867347075
GX010285_00080_gamma.jpg,GX010285_00080_gamma.jpg,0.9511009461875294,0.7189216112407572,0.063247368297846,1,0.0335377761869324,0.0929569604087596
GX010285_00081_gamma.jpg,GX010285_00081_gamma.jpg,0.8775155797047951,0.7595419393947836,3.520223244744703,1,5.562737198980219,1.4777092905091864
GX010285_00097_gamma.jpg,GX010285_00097_gamma.jpg,0.7525552393207791,0.7534072170175939,6.8455123426887186,1,12.188068192981405,1.5029564923960326
GX010285_00098_gamma.jpg,GX010285_00098_gamma.jpg,0.8300761910124573,0.7238938568502903,2.8110288759636104,1,1.6813264667181684,3.940731285209053
GX010285_00182_gamma.jpg,GX010285_00182_gamma.jpg,0.8455497231242938,0.7912444076477408,9.14579295637169,1,15.47210610456746,2.8194798081759167
GX010285_00184_gamma.jpg,GX010285_00184_gamma.jpg,0.7824917043023357,0.7368536030162335,8.767514398471246,1,13.375699885511231,4.1593289114312615
GX010285_00186_gamma.jpg,GX010285_00186_gamma.jpg,0.8917193768716783,0.7572341773720804,6.786803041456022,1,13.421788283212337,0.1518177996997067
GX010285_00188_gamma.jpg,GX010285_00188_gamma.jpg,0.8095707755325662,0.7215437181613155,3.6220221013524423,1,5.600273274286735,1.6437709284181494
GX010285_00189_gamma.jpg,GX010285_00189_gamma.jpg,0.8299313152988654,0.731703500110674,5.86433892044235,1,8.284124195312138,3.44455364557256
GX010285_00190_gamma.jpg,GX010285_00190_gamma.jpg,0.862396759674945,0.7157456812852172,2.44540870577743,1,0.75414952020067,4.13666789135419
GX010290_00031_gamma.jpg,GX010290_00031_gamma.jpg,0.8564030781867041,0.7376949113440865,2.767806881577245,1,3.2775516997087593,2.258062063445731
GX010290_00061_gamma.jpg,GX010290_00061_gamma.jpg,0.8655388950326287,0.6974567079677071,2.1894121125590793,1,1.7690510809863724,2.609773144131786
GX010290_00094_gamma.jpg,GX010290_00094_gamma.jpg,0.7491618845414336,0.666972399445938,6.843721215595257,1,12.459824276257272,1.227618154933241
GX010290_00095_gamma.jpg,GX010290_00095_gamma.jpg,0.8400684043337397,0.6081767293317268,4.024945780328382,1,4.506061605149192,3.5438299555075714
GX010290_00096_gamma.jpg,GX010290_00096_gamma.jpg,0.8494712262983701,0.6206606534630763,2.524573796237683,1,2.4439525096819494,2.6051950827934167
GX010290_00121_gamma.jpg,GX010290_00121_gamma.jpg,0.7923701333357813,0.6695190923212938,3.126532344222436,1,5.2726829630589975,0.9803817253858744
GX010290_00122_gamma.jpg,GX010290_00122_gamma.jpg,0.7668189864713851,0.6788610339914146,8.555261502380851,1,11.415366096019277,5.695156908742428
GX010290_00123_gamma.jpg,GX010290_00123_gamma.jpg,0.8353193153068167,0.6922522276910663,1.082248240230169,1,0.6819838263413942,1.4825126541189435
GX010343_00039_gamma.jpg,GX010343_00039_gamma.jpg,0.6987891509205686,0.6355771281879298,4.099447379924109,1,5.1189495033128845,3.079945256535333
GX010343_00068_gamma.jpg,GX010343_00068_gamma.jpg,0.669888965568573,0.7046865979071523,7.159051742477736,1,11.274039146317456,3.044064338638015
GX010343_00074_gamma.jpg,GX010343_00074_gamma.jpg,0.7677255669265266,0.6381546813487283,66.72127673656169,1,132.5230736735825,0.9194797995408859
GX010343_00139_gamma.jpg,GX010343_00139_gamma.jpg,0.8381778838271728,0.7833231126172023,4.906461970778996,1,8.442309082318296,1.370614859239696
