image_name,basename,distance_to_centroid,MAE_image,detection_success
GL010350_00025_gamma.jpg,GL010350_00025_gamma.jpg,0.7605656055566966,2.7206693070663555,1
GL010350_00063_gamma.jpg,GL010350_00063_gamma.jpg,0.7383212260627916,3.437504985360759,1
GL010350_00068_gamma.jpg,GL010350_00068_gamma.jpg,0.8152442574086066,6.533399090619726,1
GX010276_00019_gamma.jpg,GX010276_00019_gamma.jpg,0.7033327276422894,2.906873541144614,1
GX010276_00021_gamma.jpg,GX010276_00021_gamma.jpg,0.7145090523312073,1.465566440526486,1
GX010276_00022_gamma.jpg,GX010276_00022_gamma.jpg,0.7527510521825737,2.6611567373739837,1
GX010276_00033_gamma.jpg,GX010276_00033_gamma.jpg,0.7196069415269231,5.135120638249547,1
GX010276_00036_gamma.jpg,GX010276_00036_gamma.jpg,0.8024206113577311,3.030347811851839,1
GX010276_00040_gamma.jpg,GX010276_00040_gamma.jpg,0.7778804566376194,2.934018700932003,1
GX010276_00118_gamma.jpg,GX010276_00118_gamma.jpg,0.6979353850091502,2.2760568044866663,1
GX010276_00119_gamma.jpg,GX010276_00119_gamma.jpg,0.7338704361307884,5.502582864557782,1
GX010276_00120_gamma.jpg,GX010276_00120_gamma.jpg,0.7643988510489348,4.037183613288633,1
GX010276_00121_gamma.jpg,GX010276_00121_gamma.jpg,0.7210164565904219,1.9822123944574592,1
GX010276_00122_gamma.jpg,GX010276_00122_gamma.jpg,0.7186471201191615,0.2453055726666893,1
GX010276_00144_gamma.jpg,GX010276_00144_gamma.jpg,0.7551602257807529,1.6141698056242788,1
GX010276_00145_gamma.jpg,GX010276_00145_gamma.jpg,0.6612083197976683,2.632950045604044,1
GX010276_00146_gamma.jpg,GX010276_00146_gamma.jpg,0.7117902408113163,1.535102676970915,1
GX010276_00147_gamma.jpg,GX010276_00147_gamma.jpg,0.7119466391631206,2.880804910095269,1
GX010276_00148_gamma.jpg,GX010276_00148_gamma.jpg,0.6791303639135975,3.2902550372272517,1
GX010276_00149_gamma.jpg,GX010276_00149_gamma.jpg,0.7176502914074051,2.317200188053765,1
GX010276_00164_gamma.jpg,GX010276_00164_gamma.jpg,0.6968065355865458,8.141737136685474,1
GX010276_00165_gamma.jpg,GX010276_00165_gamma.jpg,0.6762298721680639,1.2461762519660669,1
GX010276_00166_gamma.jpg,GX010276_00166_gamma.jpg,0.7098416883344003,3.31119742546127,1
GX010276_00167_gamma.jpg,GX010276_00167_gamma.jpg,0.7091162718400619,1.499832239791263,1
GX010276_00168_gamma.jpg,GX010276_00168_gamma.jpg,0.7496261486386832,1.894423348214441,1
GX010276_00169_gamma.jpg,GX010276_00169_gamma.jpg,0.7497373415446505,2.047496636442718,1
GX010276_00170_gamma.jpg,GX010276_00170_gamma.jpg,0.7050961218216545,1.9480254927964986,1
GX010276_00191_gamma.jpg,GX010276_00191_gamma.jpg,0.6729156132950043,1.8049227315217227,1
GX010276_00192_gamma.jpg,GX010276_00192_gamma.jpg,0.7069105863780394,5.775033188209246,1
GX010276_00193_gamma.jpg,GX010276_00193_gamma.jpg,0.6885026326653596,4.396084951790115,1
GX010276_00194_gamma.jpg,GX010276_00194_gamma.jpg,0.7316125831860893,2.604932748083705,1
GX010276_00195_gamma.jpg,GX010276_00195_gamma.jpg,0.9786479402649172,3.0438068777047143,1
GX010276_00196_gamma.jpg,GX010276_00196_gamma.jpg,0.9295085936655524,4.171400494512211,1
GX010276_00197_gamma.jpg,GX010276_00197_gamma.jpg,0.8565824015751596,4.185557964238372,1
GX010276_00198_gamma.jpg,GX010276_00198_gamma.jpg,0.705211166671446,0.7718070496808807,1
GX010276_00209_gamma.jpg,GX010276_00209_gamma.jpg,0.7007846280944758,,0
GX010276_00210_gamma.jpg,GX010276_00210_gamma.jpg,0.8339547715812624,1.4736650642166467,1
GX010276_00211_gamma.jpg,GX010276_00211_gamma.jpg,0.9737739295970513,3.9895844547935084,1
GX010276_00212_gamma.jpg,GX010276_00212_gamma.jpg,0.8071131042006011,7.448614133449993,1
GX010276_00213_gamma.jpg,GX010276_00213_gamma.jpg,0.7991268885485259,3.539117722320692,1
GX010276_00214_gamma.jpg,GX010276_00214_gamma.jpg,0.8421474505732236,7.599203519985577,1
GX010276_00215_gamma.jpg,GX010276_00215_gamma.jpg,0.9152798228035879,2.4176802021241386,1
GX010276_00216_gamma.jpg,GX010276_00216_gamma.jpg,0.9413684325879116,4.936427834148099,1
GX010276_00217_gamma.jpg,GX010276_00217_gamma.jpg,0.8914943523931467,8.339661149670814,1
GX010276_00218_gamma.jpg,GX010276_00218_gamma.jpg,0.9477773449158422,4.816620288967471,1
GX010276_00219_gamma.jpg,GX010276_00219_gamma.jpg,0.787208479288287,0.13138316994245255,1
GX010276_00220_gamma.jpg,GX010276_00220_gamma.jpg,0.8651686488276901,8.421766219425155,1
GX010276_00221_gamma.jpg,GX010276_00221_gamma.jpg,0.735583434773965,106.79445353470838,1
GX010276_00228_gamma.jpg,GX010276_00228_gamma.jpg,0.7476127136699049,7.555460309095993,1
GX010276_00229_gamma.jpg,GX010276_00229_gamma.jpg,0.9526018604203992,1.9902913858796918,1
GX010276_00230_gamma.jpg,GX010276_00230_gamma.jpg,0.823408070762724,4.889988390098344,1
GX010276_00231_gamma.jpg,GX010276_00231_gamma.jpg,0.746432903980111,2.442700200914516,1
GX010276_00232_gamma.jpg,GX010276_00232_gamma.jpg,0.7762253482418723,3.0786274630975714,1
GX010276_00233_gamma.jpg,GX010276_00233_gamma.jpg,0.9095985758182499,,0
GX010276_00235_gamma.jpg,GX010276_00235_gamma.jpg,0.8113590288824291,3.1121126413900875,1
GX010285_00003_gamma.jpg,GX010285_00003_gamma.jpg,0.7553259520605936,6.151167952157909,1
GX010285_00004_gamma.jpg,GX010285_00004_gamma.jpg,0.7781868918291115,9.383358052592683,1
GX010285_00005_gamma.jpg,GX010285_00005_gamma.jpg,0.8083075574807891,5.502660004402297,1
GX010285_00007_gamma.jpg,GX010285_00007_gamma.jpg,0.8189597185075315,3.6440674762323484,1
GX010285_00016_gamma.jpg,GX010285_00016_gamma.jpg,0.7407565762383898,1.590432455816606,1
GX010285_00018_gamma.jpg,GX010285_00018_gamma.jpg,0.8329348804863653,2.4535292333729366,1
GX010285_00019_gamma.jpg,GX010285_00019_gamma.jpg,0.8347287943831166,70.09583669063392,1
GX010285_00020_gamma.jpg,GX010285_00020_gamma.jpg,0.7242862448478108,10.557408830726063,1
GX010285_00040_gamma.jpg,GX010285_00040_gamma.jpg,0.8160135749014069,4.617714157558954,1
GX010285_00043_gamma.jpg,GX010285_00043_gamma.jpg,0.919392966595621,2.2026298789623366,1
GX010285_00044_gamma.jpg,GX010285_00044_gamma.jpg,0.7836707019826855,7.984593028831782,1
GX010285_00045_gamma.jpg,GX010285_00045_gamma.jpg,0.8191306419599876,7.708377907727385,1
GX010285_00046_gamma.jpg,GX010285_00046_gamma.jpg,0.7564764375540932,1.5248249843866155,1
GX010285_00047_gamma.jpg,GX010285_00047_gamma.jpg,0.7773382997037005,7.567749576862988,1
GX010285_00073_gamma.jpg,GX010285_00073_gamma.jpg,0.7935976874802793,4.299523703066871,1
GX010285_00080_gamma.jpg,GX010285_00080_gamma.jpg,0.9466368482365399,0.063247368297846,1
GX010285_00081_gamma.jpg,GX010285_00081_gamma.jpg,0.8664846407270813,3.520223244744703,1
GX010285_00097_gamma.jpg,GX010285_00097_gamma.jpg,0.7289037925458219,6.8455123426887186,1
GX010285_00098_gamma.jpg,GX010285_00098_gamma.jpg,0.8241108018346629,2.8110288759636104,1
GX010285_00182_gamma.jpg,GX010285_00182_gamma.jpg,0.7814408837623638,9.14579295637169,1
GX010285_00184_gamma.jpg,GX010285_00184_gamma.jpg,0.732574772389305,8.767514398471246,1
GX010285_00186_gamma.jpg,GX010285_00186_gamma.jpg,0.825324985402589,6.786803041456022,1
GX010285_00188_gamma.jpg,GX010285_00188_gamma.jpg,0.7614496699886496,3.6220221013524423,1
GX010285_00189_gamma.jpg,GX010285_00189_gamma.jpg,0.7886178222961219,5.86433892044235,1
GX010285_00190_gamma.jpg,GX010285_00190_gamma.jpg,0.8296990195982428,2.44540870577743,1
GX010290_00031_gamma.jpg,GX010290_00031_gamma.jpg,0.7774583727297593,2.767806881577245,1
GX010290_00061_gamma.jpg,GX010290_00061_gamma.jpg,0.879023117104834,2.1894121125590793,1
GX010290_00094_gamma.jpg,GX010290_00094_gamma.jpg,0.7077244922710135,6.843721215595257,1
GX010290_00095_gamma.jpg,GX010290_00095_gamma.jpg,0.7600761159778451,4.024945780328382,1
GX010290_00096_gamma.jpg,GX010290_00096_gamma.jpg,0.768170765500984,2.524573796237683,1
GX010290_00121_gamma.jpg,GX010290_00121_gamma.jpg,0.7153168695671777,3.126532344222436,1
GX010290_00122_gamma.jpg,GX010290_00122_gamma.jpg,0.7361847849051567,8.555261502380851,1
GX010290_00123_gamma.jpg,GX010290_00123_gamma.jpg,0.7840644277523213,1.082248240230169,1
GX010343_00039_gamma.jpg,GX010343_00039_gamma.jpg,0.681049120585185,4.099447379924109,1
GX010343_00068_gamma.jpg,GX010343_00068_gamma.jpg,0.6249603720173023,7.159051742477736,1
GX010343_00074_gamma.jpg,GX010343_00074_gamma.jpg,0.697719899579844,66.72127673656169,1
GX010343_00139_gamma.jpg,GX010343_00139_gamma.jpg,0.8614828206473675,4.906461970778996,1
