iteration,selected_image,R_t,Delta_t,stop_flag
1,C:\Users\carmonta\Desktop\data-centric-cross-season-transfer\datasets\train_on_2025_all\val\images\GX010665_MP4-0217_jpg.rf.4bd57d75286e8e0e214a12be1b88193d.jpg,4.749982060007878,,False
2,C:\Users\carmonta\Desktop\data-centric-cross-season-transfer\datasets\train_on_2025_all\images\GX010665_MP4-0217_jpg.rf.368f015f501164054a4d9ab7714e14fe.jpg,4.749982060007878,,False
3,C:\Users\carmonta\Desktop\data-centric-cross-season-transfer\datasets\train_on_2025_all\val\images\GX010665_MP4-0217_jpg.rf.e2002a9318e1d506b8faadfbca58652a.jpg,4.749982060007878,,False
4,C:\Users\carmonta\Desktop\data-centric-cross-season-transfer\datasets\train_on_2025_all\val\images\GX010665_MP4-0216_jpg.rf.c85471c96f32f29a4552998a0bfef644.jpg,4.749982060007878,,False
5,C:\Users\carmonta\Desktop\data-centric-cross-season-transfer\datasets\train_on_2025_all\images\GX010665_MP4-0216_jpg.rf.ff97c32aad6a49aeb3da458d7e0d0698.jpg,4.749982060007878,,False
6,C:\Users\carmonta\Desktop\data-centric-cross-season-transfer\datasets\train_on_2025_all\val\images\GX010665_MP4-0216_jpg.rf.8a9ac800a2be00ba4a6db5a5cd5c6296.jpg,4.749982060007878,,False
7,C:\Users\carmonta\Desktop\data-centric-cross-season-transfer\datasets\train_on_2025_all\images\GX010665_MP4-0200_jpg.rf.1ec1782021a8fdb0d44954fcf9604ea1.jpg,4.749982060007878,,False
8,C:\Users\carmonta\Desktop\data-centric-cross-season-transfer\datasets\train_on_2025_all\images\GX010665_MP4-0200_jpg.rf.1510087345131349beb283e1722503cd.jpg,4.749982060007878,,False
9,C:\Users\carmonta\Desktop\data-centric-cross-season-transfer\datasets\train_on_2025_all\images\GX010665_MP4-0200_jpg.rf.2a90c08cc055c9dec247650a33b8d67e.jpg,4.749982060007878,,False
10,C:\Users\carmonta\Desktop\data-centric-cross-season-transfer\datasets\train_on_2025_all\val\images\GX010665_MP4-0201_jpg.rf.f08237b7a1cd9471ca7e44e85896f4b2.jpg,4.749982060007878,,False
11,C:\Users\carmonta\Desktop\data-centric-cross-season-transfer\datasets\train_on_2025_all\images\GX010666_MP4-0178_jpg.rf.d552a067f5d78ef0949e2259b0a93d21.jpg,3.6604964513256983,0.22936625758127024,False
12,C:\Users\carmonta\Desktop\data-centric-cross-season-transfer\datasets\train_on_2025_all\images\frame_00052_jpg.rf.de6d9bc3a82476c22bbce64a3930a770.jpg,3.197049444442963,0.12660769189241847,False
13,C:\Users\carmonta\Desktop\data-centric-cross-season-transfer\datasets\train_on_2025_all\images\GX010664_MP4-0072_jpg.rf.03bb667b6766896dbc8ee38fc8495027.jpg,3.0198868923937723,0.05541439227883406,False
14,C:\Users\carmonta\Desktop\data-centric-cross-season-transfer\datasets\train_on_2025_all\images\frame_00212_jpg.rf.1d1b2f52634e7452db6072bc283bc5cb.jpg,2.820667632856976,0.06596911296200278,False
15,C:\Users\carmonta\Desktop\data-centric-cross-season-transfer\datasets\train_on_2025_all\images\GX010666_MP4-0318_jpg.rf.cc3401eab550f515237c4a149337f7c6.jpg,2.6533343677510293,0.05932399236150325,False
16,C:\Users\carmonta\Desktop\data-centric-cross-season-transfer\datasets\train_on_2025_all\images\GX010666_MP4-0062_jpg.rf.390ecd914d57a1dc6adf9647627dd189.jpg,2.621747580807746,0.01190456330238406,False
17,C:\Users\carmonta\Desktop\data-centric-cross-season-transfer\datasets\train_on_2025_all\images\frame_00010_jpg.rf.d9527b21a602532451cfcef3b38f5782.jpg,2.600255633904513,0.008197565265459809,False
18,C:\Users\carmonta\Desktop\data-centric-cross-season-transfer\datasets\train_on_2025_all\val\images\frame_00134_jpg.rf.243ac01151e3061ea4ba5f8804f7db28.jpg,2.544205123666225,0.02155576917417278,False
19,C:\Users\carmonta\Desktop\data-centric-cross-season-transfer\datasets\train_on_2025_all\images\GX010666_MP4-0242_jpg.rf.fcec15f1c899b21cf8d01d84f7fc36ad.jpg,2.4845822967890254,0.023434756231951365,False
20,C:\Users\carmonta\Desktop\data-centric-cross-season-transfer\datasets\train_on_2025_all\images\GX010667_MP4-0037_jpg.rf.f4e733b64f963b806dca020f5ff20ffe.jpg,2.434597657697534,0.020117924512337418,False
21,C:\Users\carmonta\Desktop\data-centric-cross-season-transfer\datasets\train_on_2025_all\val\images\GX010665_MP4-0099_jpg.rf.222dbad1672907a88e814844be3ee105.jpg,2.42063882119997,0.005733529091934252,False
22,C:\Users\carmonta\Desktop\data-centric-cross-season-transfer\datasets\train_on_2025_all\images\frame_00047_jpg.rf.51bd6fcfac209707abb864dfa1e1c203.jpg,2.3576356776521554,0.02602748621398316,False
23,C:\Users\carmonta\Desktop\data-centric-cross-season-transfer\datasets\train_on_2025_all\images\GX010665_MP4-0219_jpg.rf.a891000f6f3c089e02b78e3c9243c022.jpg,2.35303926780067,0.001949584448120832,False
24,C:\Users\carmonta\Desktop\data-centric-cross-season-transfer\datasets\train_on_2025_all\val\images\frame_00115_jpg.rf.b924b162ac6747db94ad9a609d63fe9f.jpg,2.303750389306535,0.02094690010855796,False
25,C:\Users\carmonta\Desktop\data-centric-cross-season-transfer\datasets\train_on_2025_all\images\frame_00083_jpg.rf.fd9106caad80a1970676db79de8abb5f.jpg,2.2669869943987178,0.015958063459680445,False
26,C:\Users\carmonta\Desktop\data-centric-cross-season-transfer\datasets\train_on_2025_all\images\GX010666_MP4-0055_jpg.rf.6887713607d21251e80fc7815f9b5c63.jpg,2.2447196659825153,0.009822433243428706,False
27,C:\Users\carmonta\Desktop\data-centric-cross-season-transfer\datasets\train_on_2025_all\images\frame_00005_jpg.rf.39862fc3570999bcc7bcbb9d51c4f1fb.jpg,2.2135140105578435,0.01390180515526114,False
28,C:\Users\carmonta\Desktop\data-centric-cross-season-transfer\datasets\train_on_2025_all\images\frame_00214_jpg.rf.0cd658c06ea8ae50e933930534e1c29a.jpg,2.2046710045316535,0.003995007930381853,False
29,C:\Users\carmonta\Desktop\data-centric-cross-season-transfer\datasets\train_on_2025_all\images\GX010666_MP4-0200_jpg.rf.af995ff50b479a883f01ed8bd1ba1d6f.jpg,2.1925297338191974,0.005507066899097447,False
30,C:\Users\carmonta\Desktop\data-centric-cross-season-transfer\datasets\train_on_2025_all\val\images\frame_00078_jpg.rf.2a5d42ad2885cd3409f92077b46bb640.jpg,2.17735095214135,0.006922953629188576,False
31,C:\Users\carmonta\Desktop\data-centric-cross-season-transfer\datasets\train_on_2025_all\images\frame_00028_jpg.rf.a9c8982d759de51215ab42a52bfd77ac.jpg,2.165708108533388,0.005347251712688543,False
32,C:\Users\carmonta\Desktop\data-centric-cross-season-transfer\datasets\train_on_2025_all\val\images\GX010665_MP4-0218_jpg.rf.f262a0785606543791b62b1ce9c0fa40.jpg,2.1006553064137,0.030037659213337713,False
33,C:\Users\carmonta\Desktop\data-centric-cross-season-transfer\datasets\train_on_2025_all\val\images\GX010665_MP4-0023_jpg.rf.225f6777f4ce184f96f12aa2c17ca51f.jpg,2.0920501910100104,0.00409639571871521,False
34,C:\Users\carmonta\Desktop\data-centric-cross-season-transfer\datasets\train_on_2025_all\images\frame_00020_jpg.rf.caafb26e8a57990923665e1de57b27b7.jpg,2.088291115744532,0.0017968379925261434,False
35,C:\Users\carmonta\Desktop\data-centric-cross-season-transfer\datasets\train_on_2025_all\images\GX010666_MP4-0131_jpg.rf.6291ba1b5d270531bbcc5d8de8f0ad57.jpg,2.065053562506915,0.011127544939696872,False
36,C:\Users\carmonta\Desktop\data-centric-cross-season-transfer\datasets\train_on_2025_all\images\frame_00092_jpg.rf.5a2ce7fd47018b934894efac416a8425.jpg,2.062304682501302,0.0013311422306529332,False
37,C:\Users\carmonta\Desktop\data-centric-cross-season-transfer\datasets\train_on_2025_all\images\frame_00090_jpg.rf.f4ac0c83dc8e91c0e68d97029549cd0d.jpg,2.0588355369786866,0.0016821692507663914,False
38,C:\Users\carmonta\Desktop\data-centric-cross-season-transfer\datasets\train_on_2025_all\images\GX010666_MP4-0006_jpg.rf.7b6ead4d7774b0916f05b69b5e8c84c9.jpg,2.0395023373738788,0.009390356469744567,False
39,C:\Users\carmonta\Desktop\data-centric-cross-season-transfer\datasets\train_on_2025_all\images\GX010665_MP4-0114_jpg.rf.0e7fa190360d96f39784b4149d3c547a.jpg,2.020118523757737,0.009504187987889778,False
40,C:\Users\carmonta\Desktop\data-centric-cross-season-transfer\datasets\train_on_2025_all\images\frame_00156_jpg.rf.fe3e3c7adb29b1d9031f8997b5050430.jpg,2.011548513559103,0.004242330386977552,True
